family,dim,run_id,walkers,L,tau,eta,retro_every,retro_mu,gamma,kNN,success,iterations,n_solutions,max_resid,median_resid,wall_time_s
poly,3,1,8,0,3.0,0.05,6,0.3,0.0,0,1,355,3,9.71364817885644e-10,1.397787895730276e-13,0.458
poly,3,2,8,0,3.0,0.05,6,0.3,0.0,8,1,355,3,9.71364817885644e-10,1.397787895730276e-13,0.465
poly,3,3,8,0,3.0,0.05,6,0.3,0.0,0,1,355,3,9.71364817885644e-10,1.397787895730276e-13,0.455
poly,3,4,8,0,3.0,0.05,6,0.3,0.0,8,1,355,3,9.71364817885644e-10,1.397787895730276e-13,0.464
poly,3,5,8,0,3.0,0.05,6,0.3,0.0,0,1,355,3,9.71364817885644e-10,1.397787895730276e-13,0.450
poly,3,6,8,0,3.0,0.05,6,0.3,0.0,8,1,355,3,9.71364817885644e-10,1.397787895730276e-13,0.452
poly,3,7,8,0,3.0,0.05,6,0.3,0.0,0,1,355,3,9.71364817885644e-10,1.397787895730276e-13,0.447
poly,3,8,8,0,3.0,0.05,6,0.3,0.0,8,1,355,3,9.71364817885644e-10,1.397787895730276e-13,0.458
poly,3,9,8,0,3.0,0.05,6,0.3,0.0,0,1,355,3,9.71364817885644e-10,1.397787895730276e-13,0.445
poly,3,10,8,0,3.0,0.05,6,0.3,0.0,8,1,355,3,9.71364817885644e-10,1.397787895730276e-13,0.443
poly,3,11,8,0,3.0,0.05,6,0.3,0.0,0,1,355,3,9.71364817885644e-10,1.397787895730276e-13,0.446
poly,3,12,8,0,3.0,0.05,6,0.3,0.0,8,1,355,3,9.71364817885644e-10,1.397787895730276e-13,0.443
poly,3,13,8,0,3.0,0.05,6,0.3,0.0,0,1,355,3,9.71364817885644e-10,1.397787895730276e-13,0.443
poly,3,14,8,0,3.0,0.05,6,0.3,0.0,8,1,355,3,9.71364817885644e-10,1.397787895730276e-13,0.444
poly,3,15,8,0,3.0,0.05,6,0.3,0.0,0,1,355,3,9.71364817885644e-10,1.397787895730276e-13,0.443
poly,3,16,8,0,3.0,0.05,6,0.3,0.0,8,1,355,3,9.71364817885644e-10,1.397787895730276e-13,0.458
poly,3,17,8,0,3.0,0.05,6,0.3,0.0,0,1,355,3,9.71364817885644e-10,1.397787895730276e-13,0.461
poly,3,18,8,0,3.0,0.05,6,0.3,0.0,8,1,355,3,9.71364817885644e-10,1.397787895730276e-13,0.455
poly,3,19,8,0,3.0,0.05,6,0.3,0.0,0,1,355,3,9.71364817885644e-10,1.397787895730276e-13,0.447
poly,3,20,8,0,3.0,0.05,6,0.3,0.0,8,1,355,3,9.71364817885644e-10,1.397787895730276e-13,0.451
poly,3,21,8,0,3.0,0.05,6,0.3,0.0,0,1,355,3,9.71364817885644e-10,1.397787895730276e-13,0.455
poly,3,22,8,0,3.0,0.05,6,0.3,0.0,8,1,355,3,9.71364817885644e-10,1.397787895730276e-13,0.448
poly,3,23,8,0,3.0,0.05,6,0.3,0.0,0,1,355,3,9.71364817885644e-10,1.397787895730276e-13,0.445
poly,3,24,8,0,3.0,0.05,6,0.3,0.0,8,1,355,3,9.71364817885644e-10,1.397787895730276e-13,0.454
poly,3,25,8,0,3.0,0.05,6,0.3,0.0,0,1,355,3,9.71364817885644e-10,1.397787895730276e-13,0.490
poly,3,26,8,0,3.0,0.05,6,0.3,0.0,8,1,355,3,9.71364817885644e-10,1.397787895730276e-13,0.460
poly,3,27,8,0,3.0,0.05,6,0.3,0.0,0,1,355,3,9.71364817885644e-10,1.397787895730276e-13,0.482
poly,3,28,8,0,3.0,0.05,6,0.3,0.0,8,1,355,3,9.71364817885644e-10,1.397787895730276e-13,0.454
poly,3,29,8,0,3.0,0.05,6,0.3,0.0,0,1,355,3,9.71364817885644e-10,1.397787895730276e-13,0.449
poly,3,30,8,0,3.0,0.05,6,0.3,0.0,8,1,355,3,9.71364817885644e-10,1.397787895730276e-13,0.450
poly,3,31,8,0,3.0,0.05,6,0.3,0.0,0,1,355,3,9.71364817885644e-10,1.397787895730276e-13,0.453
poly,3,32,8,0,3.0,0.05,6,0.3,0.0,8,1,355,3,9.71364817885644e-10,1.397787895730276e-13,0.448
poly,3,33,8,4,3.0,0.05,6,0.3,0.0,0,1,361,3,7.863972967850689e-10,1.1683587429733499e-13,0.454
poly,3,34,8,4,3.0,0.05,6,0.3,0.0,8,1,361,3,7.863972967850689e-10,1.1683587429733499e-13,0.457
poly,3,35,8,4,3.0,0.05,6,0.3,0.0,0,1,361,3,7.863972967850689e-10,1.1683587429733499e-13,0.457
poly,3,36,8,4,3.0,0.05,6,0.3,0.0,8,1,361,3,7.863972967850689e-10,1.1683587429733499e-13,0.462
poly,3,37,8,4,3.0,0.05,6,0.3,0.0,0,1,361,3,7.863972967850689e-10,1.1683587429733499e-13,0.487
poly,3,38,8,4,3.0,0.05,6,0.3,0.0,8,1,361,3,7.863972967850689e-10,1.1683587429733499e-13,0.469
poly,3,39,8,4,3.0,0.05,6,0.3,0.0,0,1,361,3,7.863972967850689e-10,1.1683587429733499e-13,0.459
poly,3,40,8,4,3.0,0.05,6,0.3,0.0,8,1,361,3,7.863972967850689e-10,1.1683587429733499e-13,0.476
poly,3,41,8,4,3.0,0.05,6,0.3,0.0,0,1,361,3,7.863972967850689e-10,1.1683587429733499e-13,0.460
poly,3,42,8,4,3.0,0.05,6,0.3,0.0,8,1,361,3,7.863972967850689e-10,1.1683587429733499e-13,0.459
poly,3,43,8,4,3.0,0.05,6,0.3,0.0,0,1,361,3,7.863972967850689e-10,1.1683587429733499e-13,0.469
poly,3,44,8,4,3.0,0.05,6,0.3,0.0,8,1,361,3,7.863972967850689e-10,1.1683587429733499e-13,0.467
poly,3,45,8,4,3.0,0.05,6,0.3,0.0,0,1,361,3,7.863972967850689e-10,1.1683587429733499e-13,0.461
poly,3,46,8,4,3.0,0.05,6,0.3,0.0,8,1,361,3,7.863972967850689e-10,1.1683587429733499e-13,0.459
poly,3,47,8,4,3.0,0.05,6,0.3,0.0,0,1,361,3,7.863972967850689e-10,1.1683587429733499e-13,0.459
poly,3,48,8,4,3.0,0.05,6,0.3,0.0,8,1,361,3,7.863972967850689e-10,1.1683587429733499e-13,0.460
poly,3,49,8,4,3.0,0.05,6,0.3,0.0,0,1,361,3,7.863972967850689e-10,1.1683587429733499e-13,0.458
poly,3,50,8,4,3.0,0.05,6,0.3,0.0,8,1,361,3,7.863972967850689e-10,1.1683587429733499e-13,0.457
poly,3,51,8,4,3.0,0.05,6,0.3,0.0,0,1,361,3,7.863972967850689e-10,1.1683587429733499e-13,0.456
poly,3,52,8,4,3.0,0.05,6,0.3,0.0,8,1,361,3,7.863972967850689e-10,1.1683587429733499e-13,0.459
poly,3,53,8,4,3.0,0.05,6,0.3,0.0,0,1,361,3,7.863972967850689e-10,1.1683587429733499e-13,0.455
poly,3,54,8,4,3.0,0.05,6,0.3,0.0,8,1,361,3,7.863972967850689e-10,1.1683587429733499e-13,0.456
poly,3,55,8,4,3.0,0.05,6,0.3,0.0,0,1,361,3,7.863972967850689e-10,1.1683587429733499e-13,0.457
poly,3,56,8,4,3.0,0.05,6,0.3,0.0,8,1,361,3,7.863972967850689e-10,1.1683587429733499e-13,0.459
poly,3,57,8,4,3.0,0.05,6,0.3,0.0,0,1,361,3,7.863972967850689e-10,1.1683587429733499e-13,0.462
poly,3,58,8,4,3.0,0.05,6,0.3,0.0,8,1,361,3,7.863972967850689e-10,1.1683587429733499e-13,0.458
poly,3,59,8,4,3.0,0.05,6,0.3,0.0,0,1,361,3,7.863972967850689e-10,1.1683587429733499e-13,0.457
poly,3,60,8,4,3.0,0.05,6,0.3,0.0,8,1,361,3,7.863972967850689e-10,1.1683587429733499e-13,0.455
poly,3,61,8,4,3.0,0.05,6,0.3,0.0,0,1,361,3,7.863972967850689e-10,1.1683587429733499e-13,0.457
poly,3,62,8,4,3.0,0.05,6,0.3,0.0,8,1,361,3,7.863972967850689e-10,1.1683587429733499e-13,0.501
poly,3,63,8,4,3.0,0.05,6,0.3,0.0,0,1,361,3,7.863972967850689e-10,1.1683587429733499e-13,0.465
poly,3,64,8,4,3.0,0.05,6,0.3,0.0,8,1,361,3,7.863972967850689e-10,1.1683587429733499e-13,0.475
poly,3,65,8,8,3.0,0.05,6,0.3,0.0,0,1,361,3,8.561975152233574e-10,1.447116225399296e-13,0.474
poly,3,66,8,8,3.0,0.05,6,0.3,0.0,8,1,361,3,8.561975152233574e-10,1.447116225399296e-13,0.467
poly,3,67,8,8,3.0,0.05,6,0.3,0.0,0,1,361,3,8.561975152233574e-10,1.447116225399296e-13,0.463
poly,3,68,8,8,3.0,0.05,6,0.3,0.0,8,1,361,3,8.561975152233574e-10,1.447116225399296e-13,0.494
poly,3,69,8,8,3.0,0.05,6,0.3,0.0,0,1,361,3,8.561975152233574e-10,1.447116225399296e-13,0.487
poly,3,70,8,8,3.0,0.05,6,0.3,0.0,8,1,361,3,8.561975152233574e-10,1.447116225399296e-13,0.462
poly,3,71,8,8,3.0,0.05,6,0.3,0.0,0,1,361,3,8.561975152233574e-10,1.447116225399296e-13,0.457
poly,3,72,8,8,3.0,0.05,6,0.3,0.0,8,1,361,3,8.561975152233574e-10,1.447116225399296e-13,0.457
poly,3,73,8,8,3.0,0.05,6,0.3,0.0,0,1,361,3,8.561975152233574e-10,1.447116225399296e-13,0.460
poly,3,74,8,8,3.0,0.05,6,0.3,0.0,8,1,361,3,8.561975152233574e-10,1.447116225399296e-13,0.458
poly,3,75,8,8,3.0,0.05,6,0.3,0.0,0,1,361,3,8.561975152233574e-10,1.447116225399296e-13,0.457
poly,3,76,8,8,3.0,0.05,6,0.3,0.0,8,1,361,3,8.561975152233574e-10,1.447116225399296e-13,0.458
poly,3,77,8,8,3.0,0.05,6,0.3,0.0,0,1,361,3,8.561975152233574e-10,1.447116225399296e-13,0.458
poly,3,78,8,8,3.0,0.05,6,0.3,0.0,8,1,361,3,8.561975152233574e-10,1.447116225399296e-13,0.462
poly,3,79,8,8,3.0,0.05,6,0.3,0.0,0,1,361,3,8.561975152233574e-10,1.447116225399296e-13,0.457
poly,3,80,8,8,3.0,0.05,6,0.3,0.0,8,1,361,3,8.561975152233574e-10,1.447116225399296e-13,0.459
poly,3,81,8,8,3.0,0.05,6,0.3,0.0,0,1,361,3,8.561975152233574e-10,1.447116225399296e-13,0.458
poly,3,82,8,8,3.0,0.05,6,0.3,0.0,8,1,361,3,8.561975152233574e-10,1.447116225399296e-13,0.457
poly,3,83,8,8,3.0,0.05,6,0.3,0.0,0,1,361,3,8.561975152233574e-10,1.447116225399296e-13,0.462
poly,3,84,8,8,3.0,0.05,6,0.3,0.0,8,1,361,3,8.561975152233574e-10,1.447116225399296e-13,0.459
poly,3,85,8,8,3.0,0.05,6,0.3,0.0,0,1,361,3,8.561975152233574e-10,1.447116225399296e-13,0.499
poly,3,86,8,8,3.0,0.05,6,0.3,0.0,8,1,361,3,8.561975152233574e-10,1.447116225399296e-13,0.461
poly,3,87,8,8,3.0,0.05,6,0.3,0.0,0,1,361,3,8.561975152233574e-10,1.447116225399296e-13,0.462
poly,3,88,8,8,3.0,0.05,6,0.3,0.0,8,1,361,3,8.561975152233574e-10,1.447116225399296e-13,0.455
poly,3,89,8,8,3.0,0.05,6,0.3,0.0,0,1,361,3,8.561975152233574e-10,1.447116225399296e-13,0.464
poly,3,90,8,8,3.0,0.05,6,0.3,0.0,8,1,361,3,8.561975152233574e-10,1.447116225399296e-13,0.466
poly,3,91,8,8,3.0,0.05,6,0.3,0.0,0,1,361,3,8.561975152233574e-10,1.447116225399296e-13,0.460
poly,3,92,8,8,3.0,0.05,6,0.3,0.0,8,1,361,3,8.561975152233574e-10,1.447116225399296e-13,0.461
poly,3,93,8,8,3.0,0.05,6,0.3,0.0,0,1,361,3,8.561975152233574e-10,1.447116225399296e-13,0.463
poly,3,94,8,8,3.0,0.05,6,0.3,0.0,8,1,361,3,8.561975152233574e-10,1.447116225399296e-13,0.463
poly,3,95,8,8,3.0,0.05,6,0.3,0.0,0,1,361,3,8.561975152233574e-10,1.447116225399296e-13,0.488
poly,3,96,8,8,3.0,0.05,6,0.3,0.0,8,1,361,3,8.561975152233574e-10,1.447116225399296e-13,0.475
poly,3,97,8,16,3.0,0.05,6,0.3,0.0,0,1,361,3,9.064657180575708e-10,1.6908787387532394e-13,0.465
poly,3,98,8,16,3.0,0.05,6,0.3,0.0,8,1,361,3,9.064657180575708e-10,1.6908787387532394e-13,0.462
poly,3,99,8,16,3.0,0.05,6,0.3,0.0,0,1,361,3,9.064657180575708e-10,1.6908787387532394e-13,0.467
poly,3,100,8,16,3.0,0.05,6,0.3,0.0,8,1,361,3,9.064657180575708e-10,1.6908787387532394e-13,0.466
poly,3,101,8,16,3.0,0.05,6,0.3,0.0,0,1,361,3,9.064657180575708e-10,1.6908787387532394e-13,0.472
poly,3,102,8,16,3.0,0.05,6,0.3,0.0,8,1,361,3,9.064657180575708e-10,1.6908787387532394e-13,0.462
poly,3,103,8,16,3.0,0.05,6,0.3,0.0,0,1,361,3,9.064657180575708e-10,1.6908787387532394e-13,0.462
poly,3,104,8,16,3.0,0.05,6,0.3,0.0,8,1,361,3,9.064657180575708e-10,1.6908787387532394e-13,0.474
poly,3,105,8,16,3.0,0.05,6,0.3,0.0,0,1,361,3,9.064657180575708e-10,1.6908787387532394e-13,0.463
poly,3,106,8,16,3.0,0.05,6,0.3,0.0,8,1,361,3,9.064657180575708e-10,1.6908787387532394e-13,0.473
poly,3,107,8,16,3.0,0.05,6,0.3,0.0,0,1,361,3,9.064657180575708e-10,1.6908787387532394e-13,0.469
poly,3,108,8,16,3.0,0.05,6,0.3,0.0,8,1,361,3,9.064657180575708e-10,1.6908787387532394e-13,0.472
poly,3,109,8,16,3.0,0.05,6,0.3,0.0,0,1,361,3,9.064657180575708e-10,1.6908787387532394e-13,0.463
poly,3,110,8,16,3.0,0.05,6,0.3,0.0,8,1,361,3,9.064657180575708e-10,1.6908787387532394e-13,0.465
poly,3,111,8,16,3.0,0.05,6,0.3,0.0,0,1,361,3,9.064657180575708e-10,1.6908787387532394e-13,0.467
poly,3,112,8,16,3.0,0.05,6,0.3,0.0,8,1,361,3,9.064657180575708e-10,1.6908787387532394e-13,0.461
poly,3,113,8,16,3.0,0.05,6,0.3,0.0,0,1,361,3,9.064657180575708e-10,1.6908787387532394e-13,0.462
poly,3,114,8,16,3.0,0.05,6,0.3,0.0,8,1,361,3,9.064657180575708e-10,1.6908787387532394e-13,0.470
poly,3,115,8,16,3.0,0.05,6,0.3,0.0,0,1,361,3,9.064657180575708e-10,1.6908787387532394e-13,0.465
poly,3,116,8,16,3.0,0.05,6,0.3,0.0,8,1,361,3,9.064657180575708e-10,1.6908787387532394e-13,0.465
poly,3,117,8,16,3.0,0.05,6,0.3,0.0,0,1,361,3,9.064657180575708e-10,1.6908787387532394e-13,0.514
poly,3,118,8,16,3.0,0.05,6,0.3,0.0,8,1,361,3,9.064657180575708e-10,1.6908787387532394e-13,0.465
poly,3,119,8,16,3.0,0.05,6,0.3,0.0,0,1,361,3,9.064657180575708e-10,1.6908787387532394e-13,0.482
poly,3,120,8,16,3.0,0.05,6,0.3,0.0,8,1,361,3,9.064657180575708e-10,1.6908787387532394e-13,0.495
poly,3,121,8,16,3.0,0.05,6,0.3,0.0,0,1,361,3,9.064657180575708e-10,1.6908787387532394e-13,0.492
poly,3,122,8,16,3.0,0.05,6,0.3,0.0,8,1,361,3,9.064657180575708e-10,1.6908787387532394e-13,0.496
poly,3,123,8,16,3.0,0.05,6,0.3,0.0,0,1,361,3,9.064657180575708e-10,1.6908787387532394e-13,0.480
poly,3,124,8,16,3.0,0.05,6,0.3,0.0,8,1,361,3,9.064657180575708e-10,1.6908787387532394e-13,0.487
poly,3,125,8,16,3.0,0.05,6,0.3,0.0,0,1,361,3,9.064657180575708e-10,1.6908787387532394e-13,0.482
poly,3,126,8,16,3.0,0.05,6,0.3,0.0,8,1,361,3,9.064657180575708e-10,1.6908787387532394e-13,0.489
poly,3,127,8,16,3.0,0.05,6,0.3,0.0,0,1,361,3,9.064657180575708e-10,1.6908787387532394e-13,0.473
poly,3,128,8,16,3.0,0.05,6,0.3,0.0,8,1,361,3,9.064657180575708e-10,1.6908787387532394e-13,0.472
poly,3,129,16,0,3.0,0.05,6,0.3,0.0,0,1,355,3,9.71364817885644e-10,1.397787895730276e-13,0.447
poly,3,130,16,0,3.0,0.05,6,0.3,0.0,8,1,355,3,9.71364817885644e-10,1.397787895730276e-13,0.445
poly,3,131,16,0,3.0,0.05,6,0.3,0.0,0,1,355,3,9.71364817885644e-10,1.397787895730276e-13,0.446
poly,3,132,16,0,3.0,0.05,6,0.3,0.0,8,1,355,3,9.71364817885644e-10,1.397787895730276e-13,0.443
poly,3,133,16,0,3.0,0.05,6,0.3,0.0,0,1,355,3,9.71364817885644e-10,1.397787895730276e-13,0.442
poly,3,134,16,0,3.0,0.05,6,0.3,0.0,8,1,355,3,9.71364817885644e-10,1.397787895730276e-13,0.445
poly,3,135,16,0,3.0,0.05,6,0.3,0.0,0,1,355,3,9.71364817885644e-10,1.397787895730276e-13,0.444
poly,3,136,16,0,3.0,0.05,6,0.3,0.0,8,1,355,3,9.71364817885644e-10,1.397787895730276e-13,0.445
poly,3,137,16,0,3.0,0.05,6,0.3,0.0,0,1,355,3,9.71364817885644e-10,1.397787895730276e-13,0.447
poly,3,138,16,0,3.0,0.05,6,0.3,0.0,8,1,355,3,9.71364817885644e-10,1.397787895730276e-13,0.442
poly,3,139,16,0,3.0,0.05,6,0.3,0.0,0,1,355,3,9.71364817885644e-10,1.397787895730276e-13,0.442
poly,3,140,16,0,3.0,0.05,6,0.3,0.0,8,1,355,3,9.71364817885644e-10,1.397787895730276e-13,0.445
poly,3,141,16,0,3.0,0.05,6,0.3,0.0,0,1,355,3,9.71364817885644e-10,1.397787895730276e-13,0.443
poly,3,142,16,0,3.0,0.05,6,0.3,0.0,8,1,355,3,9.71364817885644e-10,1.397787895730276e-13,0.443
poly,3,143,16,0,3.0,0.05,6,0.3,0.0,0,1,355,3,9.71364817885644e-10,1.397787895730276e-13,0.442
poly,3,144,16,0,3.0,0.05,6,0.3,0.0,8,1,355,3,9.71364817885644e-10,1.397787895730276e-13,0.447
poly,3,145,16,0,3.0,0.05,6,0.3,0.0,0,1,355,3,9.71364817885644e-10,1.397787895730276e-13,0.445
poly,3,146,16,0,3.0,0.05,6,0.3,0.0,8,1,355,3,9.71364817885644e-10,1.397787895730276e-13,0.443
poly,3,147,16,0,3.0,0.05,6,0.3,0.0,0,1,355,3,9.71364817885644e-10,1.397787895730276e-13,0.443
poly,3,148,16,0,3.0,0.05,6,0.3,0.0,8,1,355,3,9.71364817885644e-10,1.397787895730276e-13,0.445
poly,3,149,16,0,3.0,0.05,6,0.3,0.0,0,1,355,3,9.71364817885644e-10,1.397787895730276e-13,0.457
poly,3,150,16,0,3.0,0.05,6,0.3,0.0,8,1,355,3,9.71364817885644e-10,1.397787895730276e-13,0.448
poly,3,151,16,0,3.0,0.05,6,0.3,0.0,0,1,355,3,9.71364817885644e-10,1.397787895730276e-13,0.449
poly,3,152,16,0,3.0,0.05,6,0.3,0.0,8,1,355,3,9.71364817885644e-10,1.397787895730276e-13,0.449
poly,3,153,16,0,3.0,0.05,6,0.3,0.0,0,1,355,3,9.71364817885644e-10,1.397787895730276e-13,0.449
poly,3,154,16,0,3.0,0.05,6,0.3,0.0,8,1,355,3,9.71364817885644e-10,1.397787895730276e-13,0.449
poly,3,155,16,0,3.0,0.05,6,0.3,0.0,0,1,355,3,9.71364817885644e-10,1.397787895730276e-13,0.454
poly,3,156,16,0,3.0,0.05,6,0.3,0.0,8,1,355,3,9.71364817885644e-10,1.397787895730276e-13,0.466
poly,3,157,16,0,3.0,0.05,6,0.3,0.0,0,1,355,3,9.71364817885644e-10,1.397787895730276e-13,0.444
poly,3,158,16,0,3.0,0.05,6,0.3,0.0,8,1,355,3,9.71364817885644e-10,1.397787895730276e-13,0.445
poly,3,159,16,0,3.0,0.05,6,0.3,0.0,0,1,355,3,9.71364817885644e-10,1.397787895730276e-13,0.450
poly,3,160,16,0,3.0,0.05,6,0.3,0.0,8,1,355,3,9.71364817885644e-10,1.397787895730276e-13,0.446
poly,3,161,16,4,3.0,0.05,6,0.3,0.0,0,1,361,3,7.863972967850689e-10,1.1683587429733499e-13,0.454
poly,3,162,16,4,3.0,0.05,6,0.3,0.0,8,1,361,3,7.863972967850689e-10,1.1683587429733499e-13,0.457
poly,3,163,16,4,3.0,0.05,6,0.3,0.0,0,1,361,3,7.863972967850689e-10,1.1683587429733499e-13,0.458
poly,3,164,16,4,3.0,0.05,6,0.3,0.0,8,1,361,3,7.863972967850689e-10,1.1683587429733499e-13,0.457
poly,3,165,16,4,3.0,0.05,6,0.3,0.0,0,1,361,3,7.863972967850689e-10,1.1683587429733499e-13,0.471
poly,3,166,16,4,3.0,0.05,6,0.3,0.0,8,1,361,3,7.863972967850689e-10,1.1683587429733499e-13,0.464
poly,3,167,16,4,3.0,0.05,6,0.3,0.0,0,1,361,3,7.863972967850689e-10,1.1683587429733499e-13,0.469
poly,3,168,16,4,3.0,0.05,6,0.3,0.0,8,1,361,3,7.863972967850689e-10,1.1683587429733499e-13,0.460
poly,3,169,16,4,3.0,0.05,6,0.3,0.0,0,1,361,3,7.863972967850689e-10,1.1683587429733499e-13,0.454
poly,3,170,16,4,3.0,0.05,6,0.3,0.0,8,1,361,3,7.863972967850689e-10,1.1683587429733499e-13,0.472
poly,3,171,16,4,3.0,0.05,6,0.3,0.0,0,1,361,3,7.863972967850689e-10,1.1683587429733499e-13,0.460
poly,3,172,16,4,3.0,0.05,6,0.3,0.0,8,1,361,3,7.863972967850689e-10,1.1683587429733499e-13,0.458
poly,3,173,16,4,3.0,0.05,6,0.3,0.0,0,1,361,3,7.863972967850689e-10,1.1683587429733499e-13,0.460
poly,3,174,16,4,3.0,0.05,6,0.3,0.0,8,1,361,3,7.863972967850689e-10,1.1683587429733499e-13,0.459
poly,3,175,16,4,3.0,0.05,6,0.3,0.0,0,1,361,3,7.863972967850689e-10,1.1683587429733499e-13,0.455
poly,3,176,16,4,3.0,0.05,6,0.3,0.0,8,1,361,3,7.863972967850689e-10,1.1683587429733499e-13,0.454
poly,3,177,16,4,3.0,0.05,6,0.3,0.0,0,1,361,3,7.863972967850689e-10,1.1683587429733499e-13,0.457
poly,3,178,16,4,3.0,0.05,6,0.3,0.0,8,1,361,3,7.863972967850689e-10,1.1683587429733499e-13,0.457
poly,3,179,16,4,3.0,0.05,6,0.3,0.0,0,1,361,3,7.863972967850689e-10,1.1683587429733499e-13,0.468
poly,3,180,16,4,3.0,0.05,6,0.3,0.0,8,1,361,3,7.863972967850689e-10,1.1683587429733499e-13,0.527
poly,3,181,16,4,3.0,0.05,6,0.3,0.0,0,1,361,3,7.863972967850689e-10,1.1683587429733499e-13,0.529
poly,3,182,16,4,3.0,0.05,6,0.3,0.0,8,1,361,3,7.863972967850689e-10,1.1683587429733499e-13,0.485
poly,3,183,16,4,3.0,0.05,6,0.3,0.0,0,1,361,3,7.863972967850689e-10,1.1683587429733499e-13,0.475
poly,3,184,16,4,3.0,0.05,6,0.3,0.0,8,1,361,3,7.863972967850689e-10,1.1683587429733499e-13,0.470
poly,3,185,16,4,3.0,0.05,6,0.3,0.0,0,1,361,3,7.863972967850689e-10,1.1683587429733499e-13,0.473
poly,3,186,16,4,3.0,0.05,6,0.3,0.0,8,1,361,3,7.863972967850689e-10,1.1683587429733499e-13,0.472
poly,3,187,16,4,3.0,0.05,6,0.3,0.0,0,1,361,3,7.863972967850689e-10,1.1683587429733499e-13,0.473
poly,3,188,16,4,3.0,0.05,6,0.3,0.0,8,1,361,3,7.863972967850689e-10,1.1683587429733499e-13,0.467
poly,3,189,16,4,3.0,0.05,6,0.3,0.0,0,1,361,3,7.863972967850689e-10,1.1683587429733499e-13,0.460
poly,3,190,16,4,3.0,0.05,6,0.3,0.0,8,1,361,3,7.863972967850689e-10,1.1683587429733499e-13,0.461
poly,3,191,16,4,3.0,0.05,6,0.3,0.0,0,1,361,3,7.863972967850689e-10,1.1683587429733499e-13,0.472
poly,3,192,16,4,3.0,0.05,6,0.3,0.0,8,1,361,3,7.863972967850689e-10,1.1683587429733499e-13,0.470
poly,3,193,16,8,3.0,0.05,6,0.3,0.0,0,1,361,3,8.561975152233574e-10,1.447116225399296e-13,0.468
poly,3,194,16,8,3.0,0.05,6,0.3,0.0,8,1,361,3,8.561975152233574e-10,1.447116225399296e-13,0.467
poly,3,195,16,8,3.0,0.05,6,0.3,0.0,0,1,361,3,8.561975152233574e-10,1.447116225399296e-13,0.469
poly,3,196,16,8,3.0,0.05,6,0.3,0.0,8,1,361,3,8.561975152233574e-10,1.447116225399296e-13,0.486
poly,3,197,16,8,3.0,0.05,6,0.3,0.0,0,1,361,3,8.561975152233574e-10,1.447116225399296e-13,0.510
poly,3,198,16,8,3.0,0.05,6,0.3,0.0,8,1,361,3,8.561975152233574e-10,1.447116225399296e-13,0.493
poly,3,199,16,8,3.0,0.05,6,0.3,0.0,0,1,361,3,8.561975152233574e-10,1.447116225399296e-13,0.535
poly,3,200,16,8,3.0,0.05,6,0.3,0.0,8,1,361,3,8.561975152233574e-10,1.447116225399296e-13,0.585
poly,3,201,16,8,3.0,0.05,6,0.3,0.0,0,1,361,3,8.561975152233574e-10,1.447116225399296e-13,0.565
poly,3,202,16,8,3.0,0.05,6,0.3,0.0,8,1,361,3,8.561975152233574e-10,1.447116225399296e-13,0.497
poly,3,203,16,8,3.0,0.05,6,0.3,0.0,0,1,361,3,8.561975152233574e-10,1.447116225399296e-13,0.507
poly,3,204,16,8,3.0,0.05,6,0.3,0.0,8,1,361,3,8.561975152233574e-10,1.447116225399296e-13,0.526
poly,3,205,16,8,3.0,0.05,6,0.3,0.0,0,1,361,3,8.561975152233574e-10,1.447116225399296e-13,0.466
poly,3,206,16,8,3.0,0.05,6,0.3,0.0,8,1,361,3,8.561975152233574e-10,1.447116225399296e-13,0.855
poly,3,207,16,8,3.0,0.05,6,0.3,0.0,0,1,361,3,8.561975152233574e-10,1.447116225399296e-13,0.494
poly,3,208,16,8,3.0,0.05,6,0.3,0.0,8,1,361,3,8.561975152233574e-10,1.447116225399296e-13,0.581
poly,3,209,16,8,3.0,0.05,6,0.3,0.0,0,1,361,3,8.561975152233574e-10,1.447116225399296e-13,0.487
poly,3,210,16,8,3.0,0.05,6,0.3,0.0,8,1,361,3,8.561975152233574e-10,1.447116225399296e-13,0.467
poly,3,211,16,8,3.0,0.05,6,0.3,0.0,0,1,361,3,8.561975152233574e-10,1.447116225399296e-13,0.508
poly,3,212,16,8,3.0,0.05,6,0.3,0.0,8,1,361,3,8.561975152233574e-10,1.447116225399296e-13,0.531
poly,3,213,16,8,3.0,0.05,6,0.3,0.0,0,1,361,3,8.561975152233574e-10,1.447116225399296e-13,0.489
poly,3,214,16,8,3.0,0.05,6,0.3,0.0,8,1,361,3,8.561975152233574e-10,1.447116225399296e-13,0.488
poly,3,215,16,8,3.0,0.05,6,0.3,0.0,0,1,361,3,8.561975152233574e-10,1.447116225399296e-13,0.483
poly,3,216,16,8,3.0,0.05,6,0.3,0.0,8,1,361,3,8.561975152233574e-10,1.447116225399296e-13,0.492
poly,3,217,16,8,3.0,0.05,6,0.3,0.0,0,1,361,3,8.561975152233574e-10,1.447116225399296e-13,0.465
poly,3,218,16,8,3.0,0.05,6,0.3,0.0,8,1,361,3,8.561975152233574e-10,1.447116225399296e-13,0.457
poly,3,219,16,8,3.0,0.05,6,0.3,0.0,0,1,361,3,8.561975152233574e-10,1.447116225399296e-13,0.504
poly,3,220,16,8,3.0,0.05,6,0.3,0.0,8,1,361,3,8.561975152233574e-10,1.447116225399296e-13,0.475
poly,3,221,16,8,3.0,0.05,6,0.3,0.0,0,1,361,3,8.561975152233574e-10,1.447116225399296e-13,0.569
poly,3,222,16,8,3.0,0.05,6,0.3,0.0,8,1,361,3,8.561975152233574e-10,1.447116225399296e-13,0.465
poly,3,223,16,8,3.0,0.05,6,0.3,0.0,0,1,361,3,8.561975152233574e-10,1.447116225399296e-13,0.457
poly,3,224,16,8,3.0,0.05,6,0.3,0.0,8,1,361,3,8.561975152233574e-10,1.447116225399296e-13,0.467
poly,3,225,16,16,3.0,0.05,6,0.3,0.0,0,1,361,3,9.064657180575708e-10,1.6908787387532394e-13,0.515
poly,3,226,16,16,3.0,0.05,6,0.3,0.0,8,1,361,3,9.064657180575708e-10,1.6908787387532394e-13,0.518
poly,3,227,16,16,3.0,0.05,6,0.3,0.0,0,1,361,3,9.064657180575708e-10,1.6908787387532394e-13,0.498
poly,3,228,16,16,3.0,0.05,6,0.3,0.0,8,1,361,3,9.064657180575708e-10,1.6908787387532394e-13,0.471
poly,3,229,16,16,3.0,0.05,6,0.3,0.0,0,1,361,3,9.064657180575708e-10,1.6908787387532394e-13,0.461
poly,3,230,16,16,3.0,0.05,6,0.3,0.0,8,1,361,3,9.064657180575708e-10,1.6908787387532394e-13,0.467
poly,3,231,16,16,3.0,0.05,6,0.3,0.0,0,1,361,3,9.064657180575708e-10,1.6908787387532394e-13,0.471
poly,3,232,16,16,3.0,0.05,6,0.3,0.0,8,1,361,3,9.064657180575708e-10,1.6908787387532394e-13,0.471
poly,3,233,16,16,3.0,0.05,6,0.3,0.0,0,1,361,3,9.064657180575708e-10,1.6908787387532394e-13,0.465
poly,3,234,16,16,3.0,0.05,6,0.3,0.0,8,1,361,3,9.064657180575708e-10,1.6908787387532394e-13,0.470
poly,3,235,16,16,3.0,0.05,6,0.3,0.0,0,1,361,3,9.064657180575708e-10,1.6908787387532394e-13,0.465
poly,3,236,16,16,3.0,0.05,6,0.3,0.0,8,1,361,3,9.064657180575708e-10,1.6908787387532394e-13,0.464
poly,3,237,16,16,3.0,0.05,6,0.3,0.0,0,1,361,3,9.064657180575708e-10,1.6908787387532394e-13,0.465
poly,3,238,16,16,3.0,0.05,6,0.3,0.0,8,1,361,3,9.064657180575708e-10,1.6908787387532394e-13,0.465
poly,3,239,16,16,3.0,0.05,6,0.3,0.0,0,1,361,3,9.064657180575708e-10,1.6908787387532394e-13,0.461
poly,3,240,16,16,3.0,0.05,6,0.3,0.0,8,1,361,3,9.064657180575708e-10,1.6908787387532394e-13,0.465
poly,3,241,16,16,3.0,0.05,6,0.3,0.0,0,1,361,3,9.064657180575708e-10,1.6908787387532394e-13,0.476
poly,3,242,16,16,3.0,0.05,6,0.3,0.0,8,1,361,3,9.064657180575708e-10,1.6908787387532394e-13,0.523
poly,3,243,16,16,3.0,0.05,6,0.3,0.0,0,1,361,3,9.064657180575708e-10,1.6908787387532394e-13,0.465
poly,3,244,16,16,3.0,0.05,6,0.3,0.0,8,1,361,3,9.064657180575708e-10,1.6908787387532394e-13,0.475
poly,3,245,16,16,3.0,0.05,6,0.3,0.0,0,1,361,3,9.064657180575708e-10,1.6908787387532394e-13,0.471
poly,3,246,16,16,3.0,0.05,6,0.3,0.0,8,1,361,3,9.064657180575708e-10,1.6908787387532394e-13,0.469
poly,3,247,16,16,3.0,0.05,6,0.3,0.0,0,1,361,3,9.064657180575708e-10,1.6908787387532394e-13,0.476
poly,3,248,16,16,3.0,0.05,6,0.3,0.0,8,1,361,3,9.064657180575708e-10,1.6908787387532394e-13,0.467
poly,3,249,16,16,3.0,0.05,6,0.3,0.0,0,1,361,3,9.064657180575708e-10,1.6908787387532394e-13,0.471
poly,3,250,16,16,3.0,0.05,6,0.3,0.0,8,1,361,3,9.064657180575708e-10,1.6908787387532394e-13,0.464
poly,3,251,16,16,3.0,0.05,6,0.3,0.0,0,1,361,3,9.064657180575708e-10,1.6908787387532394e-13,0.471
poly,3,252,16,16,3.0,0.05,6,0.3,0.0,8,1,361,3,9.064657180575708e-10,1.6908787387532394e-13,0.479
poly,3,253,16,16,3.0,0.05,6,0.3,0.0,0,1,361,3,9.064657180575708e-10,1.6908787387532394e-13,0.484
poly,3,254,16,16,3.0,0.05,6,0.3,0.0,8,1,361,3,9.064657180575708e-10,1.6908787387532394e-13,0.466
poly,3,255,16,16,3.0,0.05,6,0.3,0.0,0,1,361,3,9.064657180575708e-10,1.6908787387532394e-13,0.471
poly,3,256,16,16,3.0,0.05,6,0.3,0.0,8,1,361,3,9.064657180575708e-10,1.6908787387532394e-13,0.465
poly,3,257,32,0,3.0,0.05,6,0.3,0.0,0,1,355,3,9.71364817885644e-10,1.397787895730276e-13,0.464
poly,3,258,32,0,3.0,0.05,6,0.3,0.0,8,1,355,3,9.71364817885644e-10,1.397787895730276e-13,0.453
poly,3,259,32,0,3.0,0.05,6,0.3,0.0,0,1,355,3,9.71364817885644e-10,1.397787895730276e-13,0.444
poly,3,260,32,0,3.0,0.05,6,0.3,0.0,8,1,355,3,9.71364817885644e-10,1.397787895730276e-13,0.459
poly,3,261,32,0,3.0,0.05,6,0.3,0.0,0,1,355,3,9.71364817885644e-10,1.397787895730276e-13,0.503
poly,3,262,32,0,3.0,0.05,6,0.3,0.0,8,1,355,3,9.71364817885644e-10,1.397787895730276e-13,0.478
poly,3,263,32,0,3.0,0.05,6,0.3,0.0,0,1,355,3,9.71364817885644e-10,1.397787895730276e-13,0.462
poly,3,264,32,0,3.0,0.05,6,0.3,0.0,8,1,355,3,9.71364817885644e-10,1.397787895730276e-13,0.454
poly,3,265,32,0,3.0,0.05,6,0.3,0.0,0,1,355,3,9.71364817885644e-10,1.397787895730276e-13,0.449
poly,3,266,32,0,3.0,0.05,6,0.3,0.0,8,1,355,3,9.71364817885644e-10,1.397787895730276e-13,0.464
poly,3,267,32,0,3.0,0.05,6,0.3,0.0,0,1,355,3,9.71364817885644e-10,1.397787895730276e-13,0.469
poly,3,268,32,0,3.0,0.05,6,0.3,0.0,8,1,355,3,9.71364817885644e-10,1.397787895730276e-13,0.479
poly,3,269,32,0,3.0,0.05,6,0.3,0.0,0,1,355,3,9.71364817885644e-10,1.397787895730276e-13,0.447
poly,3,270,32,0,3.0,0.05,6,0.3,0.0,8,1,355,3,9.71364817885644e-10,1.397787895730276e-13,0.446
poly,3,271,32,0,3.0,0.05,6,0.3,0.0,0,1,355,3,9.71364817885644e-10,1.397787895730276e-13,0.447
poly,3,272,32,0,3.0,0.05,6,0.3,0.0,8,1,355,3,9.71364817885644e-10,1.397787895730276e-13,0.453
poly,3,273,32,0,3.0,0.05,6,0.3,0.0,0,1,355,3,9.71364817885644e-10,1.397787895730276e-13,0.446
poly,3,274,32,0,3.0,0.05,6,0.3,0.0,8,1,355,3,9.71364817885644e-10,1.397787895730276e-13,0.446
poly,3,275,32,0,3.0,0.05,6,0.3,0.0,0,1,355,3,9.71364817885644e-10,1.397787895730276e-13,0.450
poly,3,276,32,0,3.0,0.05,6,0.3,0.0,8,1,355,3,9.71364817885644e-10,1.397787895730276e-13,0.446
poly,3,277,32,0,3.0,0.05,6,0.3,0.0,0,1,355,3,9.71364817885644e-10,1.397787895730276e-13,0.446
poly,3,278,32,0,3.0,0.05,6,0.3,0.0,8,1,355,3,9.71364817885644e-10,1.397787895730276e-13,0.465
poly,3,279,32,0,3.0,0.05,6,0.3,0.0,0,1,355,3,9.71364817885644e-10,1.397787895730276e-13,0.454
poly,3,280,32,0,3.0,0.05,6,0.3,0.0,8,1,355,3,9.71364817885644e-10,1.397787895730276e-13,0.451
poly,3,281,32,0,3.0,0.05,6,0.3,0.0,0,1,355,3,9.71364817885644e-10,1.397787895730276e-13,0.448
poly,3,282,32,0,3.0,0.05,6,0.3,0.0,8,1,355,3,9.71364817885644e-10,1.397787895730276e-13,0.446
poly,3,283,32,0,3.0,0.05,6,0.3,0.0,0,1,355,3,9.71364817885644e-10,1.397787895730276e-13,0.445
poly,3,284,32,0,3.0,0.05,6,0.3,0.0,8,1,355,3,9.71364817885644e-10,1.397787895730276e-13,0.457
poly,3,285,32,0,3.0,0.05,6,0.3,0.0,0,1,355,3,9.71364817885644e-10,1.397787895730276e-13,0.449
poly,3,286,32,0,3.0,0.05,6,0.3,0.0,8,1,355,3,9.71364817885644e-10,1.397787895730276e-13,0.455
poly,3,287,32,0,3.0,0.05,6,0.3,0.0,0,1,355,3,9.71364817885644e-10,1.397787895730276e-13,0.447
poly,3,288,32,0,3.0,0.05,6,0.3,0.0,8,1,355,3,9.71364817885644e-10,1.397787895730276e-13,0.460
poly,3,289,32,4,3.0,0.05,6,0.3,0.0,0,1,361,3,7.863972967850689e-10,1.1683587429733499e-13,0.461
poly,3,290,32,4,3.0,0.05,6,0.3,0.0,8,1,361,3,7.863972967850689e-10,1.1683587429733499e-13,0.459
poly,3,291,32,4,3.0,0.05,6,0.3,0.0,0,1,361,3,7.863972967850689e-10,1.1683587429733499e-13,0.477
poly,3,292,32,4,3.0,0.05,6,0.3,0.0,8,1,361,3,7.863972967850689e-10,1.1683587429733499e-13,0.462
poly,3,293,32,4,3.0,0.05,6,0.3,0.0,0,1,361,3,7.863972967850689e-10,1.1683587429733499e-13,0.468
poly,3,294,32,4,3.0,0.05,6,0.3,0.0,8,1,361,3,7.863972967850689e-10,1.1683587429733499e-13,0.461
poly,3,295,32,4,3.0,0.05,6,0.3,0.0,0,1,361,3,7.863972967850689e-10,1.1683587429733499e-13,0.465
poly,3,296,32,4,3.0,0.05,6,0.3,0.0,8,1,361,3,7.863972967850689e-10,1.1683587429733499e-13,0.467
poly,3,297,32,4,3.0,0.05,6,0.3,0.0,0,1,361,3,7.863972967850689e-10,1.1683587429733499e-13,0.475
poly,3,298,32,4,3.0,0.05,6,0.3,0.0,8,1,361,3,7.863972967850689e-10,1.1683587429733499e-13,0.455
poly,3,299,32,4,3.0,0.05,6,0.3,0.0,0,1,361,3,7.863972967850689e-10,1.1683587429733499e-13,0.457
poly,3,300,32,4,3.0,0.05,6,0.3,0.0,8,1,361,3,7.863972967850689e-10,1.1683587429733499e-13,0.481
poly,3,301,32,4,3.0,0.05,6,0.3,0.0,0,1,361,3,7.863972967850689e-10,1.1683587429733499e-13,0.464
poly,3,302,32,4,3.0,0.05,6,0.3,0.0,8,1,361,3,7.863972967850689e-10,1.1683587429733499e-13,0.455
poly,3,303,32,4,3.0,0.05,6,0.3,0.0,0,1,361,3,7.863972967850689e-10,1.1683587429733499e-13,0.464
poly,3,304,32,4,3.0,0.05,6,0.3,0.0,8,1,361,3,7.863972967850689e-10,1.1683587429733499e-13,0.457
poly,3,305,32,4,3.0,0.05,6,0.3,0.0,0,1,361,3,7.863972967850689e-10,1.1683587429733499e-13,0.457
poly,3,306,32,4,3.0,0.05,6,0.3,0.0,8,1,361,3,7.863972967850689e-10,1.1683587429733499e-13,0.459
poly,3,307,32,4,3.0,0.05,6,0.3,0.0,0,1,361,3,7.863972967850689e-10,1.1683587429733499e-13,0.458
poly,3,308,32,4,3.0,0.05,6,0.3,0.0,8,1,361,3,7.863972967850689e-10,1.1683587429733499e-13,0.461
poly,3,309,32,4,3.0,0.05,6,0.3,0.0,0,1,361,3,7.863972967850689e-10,1.1683587429733499e-13,0.453
poly,3,310,32,4,3.0,0.05,6,0.3,0.0,8,1,361,3,7.863972967850689e-10,1.1683587429733499e-13,0.464
poly,3,311,32,4,3.0,0.05,6,0.3,0.0,0,1,361,3,7.863972967850689e-10,1.1683587429733499e-13,0.457
poly,3,312,32,4,3.0,0.05,6,0.3,0.0,8,1,361,3,7.863972967850689e-10,1.1683587429733499e-13,0.457
poly,3,313,32,4,3.0,0.05,6,0.3,0.0,0,1,361,3,7.863972967850689e-10,1.1683587429733499e-13,0.461
poly,3,314,32,4,3.0,0.05,6,0.3,0.0,8,1,361,3,7.863972967850689e-10,1.1683587429733499e-13,0.458
poly,3,315,32,4,3.0,0.05,6,0.3,0.0,0,1,361,3,7.863972967850689e-10,1.1683587429733499e-13,0.476
poly,3,316,32,4,3.0,0.05,6,0.3,0.0,8,1,361,3,7.863972967850689e-10,1.1683587429733499e-13,0.462
poly,3,317,32,4,3.0,0.05,6,0.3,0.0,0,1,361,3,7.863972967850689e-10,1.1683587429733499e-13,0.469
poly,3,318,32,4,3.0,0.05,6,0.3,0.0,8,1,361,3,7.863972967850689e-10,1.1683587429733499e-13,0.466
poly,3,319,32,4,3.0,0.05,6,0.3,0.0,0,1,361,3,7.863972967850689e-10,1.1683587429733499e-13,0.456
poly,3,320,32,4,3.0,0.05,6,0.3,0.0,8,1,361,3,7.863972967850689e-10,1.1683587429733499e-13,0.457
poly,3,321,32,8,3.0,0.05,6,0.3,0.0,0,1,361,3,8.561975152233574e-10,1.447116225399296e-13,0.463
poly,3,322,32,8,3.0,0.05,6,0.3,0.0,8,1,361,3,8.561975152233574e-10,1.447116225399296e-13,0.466
poly,3,323,32,8,3.0,0.05,6,0.3,0.0,0,1,361,3,8.561975152233574e-10,1.447116225399296e-13,0.458
poly,3,324,32,8,3.0,0.05,6,0.3,0.0,8,1,361,3,8.561975152233574e-10,1.447116225399296e-13,0.463
poly,3,325,32,8,3.0,0.05,6,0.3,0.0,0,1,361,3,8.561975152233574e-10,1.447116225399296e-13,0.501
poly,3,326,32,8,3.0,0.05,6,0.3,0.0,8,1,361,3,8.561975152233574e-10,1.447116225399296e-13,0.493
poly,3,327,32,8,3.0,0.05,6,0.3,0.0,0,1,361,3,8.561975152233574e-10,1.447116225399296e-13,0.502
poly,3,328,32,8,3.0,0.05,6,0.3,0.0,8,1,361,3,8.561975152233574e-10,1.447116225399296e-13,0.482
poly,3,329,32,8,3.0,0.05,6,0.3,0.0,0,1,361,3,8.561975152233574e-10,1.447116225399296e-13,0.466
poly,3,330,32,8,3.0,0.05,6,0.3,0.0,8,1,361,3,8.561975152233574e-10,1.447116225399296e-13,0.464
poly,3,331,32,8,3.0,0.05,6,0.3,0.0,0,1,361,3,8.561975152233574e-10,1.447116225399296e-13,0.459
poly,3,332,32,8,3.0,0.05,6,0.3,0.0,8,1,361,3,8.561975152233574e-10,1.447116225399296e-13,0.462
poly,3,333,32,8,3.0,0.05,6,0.3,0.0,0,1,361,3,8.561975152233574e-10,1.447116225399296e-13,0.479
poly,3,334,32,8,3.0,0.05,6,0.3,0.0,8,1,361,3,8.561975152233574e-10,1.447116225399296e-13,0.515
poly,3,335,32,8,3.0,0.05,6,0.3,0.0,0,1,361,3,8.561975152233574e-10,1.447116225399296e-13,0.493
poly,3,336,32,8,3.0,0.05,6,0.3,0.0,8,1,361,3,8.561975152233574e-10,1.447116225399296e-13,0.470
poly,3,337,32,8,3.0,0.05,6,0.3,0.0,0,1,361,3,8.561975152233574e-10,1.447116225399296e-13,0.470
poly,3,338,32,8,3.0,0.05,6,0.3,0.0,8,1,361,3,8.561975152233574e-10,1.447116225399296e-13,0.465
poly,3,339,32,8,3.0,0.05,6,0.3,0.0,0,1,361,3,8.561975152233574e-10,1.447116225399296e-13,0.463
poly,3,340,32,8,3.0,0.05,6,0.3,0.0,8,1,361,3,8.561975152233574e-10,1.447116225399296e-13,0.462
poly,3,341,32,8,3.0,0.05,6,0.3,0.0,0,1,361,3,8.561975152233574e-10,1.447116225399296e-13,0.457
poly,3,342,32,8,3.0,0.05,6,0.3,0.0,8,1,361,3,8.561975152233574e-10,1.447116225399296e-13,0.459
poly,3,343,32,8,3.0,0.05,6,0.3,0.0,0,1,361,3,8.561975152233574e-10,1.447116225399296e-13,0.457
poly,3,344,32,8,3.0,0.05,6,0.3,0.0,8,1,361,3,8.561975152233574e-10,1.447116225399296e-13,0.454
poly,3,345,32,8,3.0,0.05,6,0.3,0.0,0,1,361,3,8.561975152233574e-10,1.447116225399296e-13,0.459
poly,3,346,32,8,3.0,0.05,6,0.3,0.0,8,1,361,3,8.561975152233574e-10,1.447116225399296e-13,0.460
poly,3,347,32,8,3.0,0.05,6,0.3,0.0,0,1,361,3,8.561975152233574e-10,1.447116225399296e-13,0.478
poly,3,348,32,8,3.0,0.05,6,0.3,0.0,8,1,361,3,8.561975152233574e-10,1.447116225399296e-13,0.479
poly,3,349,32,8,3.0,0.05,6,0.3,0.0,0,1,361,3,8.561975152233574e-10,1.447116225399296e-13,0.466
poly,3,350,32,8,3.0,0.05,6,0.3,0.0,8,1,361,3,8.561975152233574e-10,1.447116225399296e-13,0.460
poly,3,351,32,8,3.0,0.05,6,0.3,0.0,0,1,361,3,8.561975152233574e-10,1.447116225399296e-13,0.461
poly,3,352,32,8,3.0,0.05,6,0.3,0.0,8,1,361,3,8.561975152233574e-10,1.447116225399296e-13,0.459
poly,3,353,32,16,3.0,0.05,6,0.3,0.0,0,1,361,3,9.064657180575708e-10,1.6908787387532394e-13,0.467
poly,3,354,32,16,3.0,0.05,6,0.3,0.0,8,1,361,3,9.064657180575708e-10,1.6908787387532394e-13,0.467
poly,3,355,32,16,3.0,0.05,6,0.3,0.0,0,1,361,3,9.064657180575708e-10,1.6908787387532394e-13,0.505
poly,3,356,32,16,3.0,0.05,6,0.3,0.0,8,1,361,3,9.064657180575708e-10,1.6908787387532394e-13,0.490
poly,3,357,32,16,3.0,0.05,6,0.3,0.0,0,1,361,3,9.064657180575708e-10,1.6908787387532394e-13,0.471
poly,3,358,32,16,3.0,0.05,6,0.3,0.0,8,1,361,3,9.064657180575708e-10,1.6908787387532394e-13,0.544
poly,3,359,32,16,3.0,0.05,6,0.3,0.0,0,1,361,3,9.064657180575708e-10,1.6908787387532394e-13,0.492
poly,3,360,32,16,3.0,0.05,6,0.3,0.0,8,1,361,3,9.064657180575708e-10,1.6908787387532394e-13,0.489
poly,3,361,32,16,3.0,0.05,6,0.3,0.0,0,1,361,3,9.064657180575708e-10,1.6908787387532394e-13,0.539
poly,3,362,32,16,3.0,0.05,6,0.3,0.0,8,1,361,3,9.064657180575708e-10,1.6908787387532394e-13,0.476
poly,3,363,32,16,3.0,0.05,6,0.3,0.0,0,1,361,3,9.064657180575708e-10,1.6908787387532394e-13,0.467
poly,3,364,32,16,3.0,0.05,6,0.3,0.0,8,1,361,3,9.064657180575708e-10,1.6908787387532394e-13,0.488
poly,3,365,32,16,3.0,0.05,6,0.3,0.0,0,1,361,3,9.064657180575708e-10,1.6908787387532394e-13,0.461
poly,3,366,32,16,3.0,0.05,6,0.3,0.0,8,1,361,3,9.064657180575708e-10,1.6908787387532394e-13,0.474
poly,3,367,32,16,3.0,0.05,6,0.3,0.0,0,1,361,3,9.064657180575708e-10,1.6908787387532394e-13,0.466
poly,3,368,32,16,3.0,0.05,6,0.3,0.0,8,1,361,3,9.064657180575708e-10,1.6908787387532394e-13,0.462
poly,3,369,32,16,3.0,0.05,6,0.3,0.0,0,1,361,3,9.064657180575708e-10,1.6908787387532394e-13,0.466
poly,3,370,32,16,3.0,0.05,6,0.3,0.0,8,1,361,3,9.064657180575708e-10,1.6908787387532394e-13,0.463
poly,3,371,32,16,3.0,0.05,6,0.3,0.0,0,1,361,3,9.064657180575708e-10,1.6908787387532394e-13,0.463
poly,3,372,32,16,3.0,0.05,6,0.3,0.0,8,1,361,3,9.064657180575708e-10,1.6908787387532394e-13,0.469
poly,3,373,32,16,3.0,0.05,6,0.3,0.0,0,1,361,3,9.064657180575708e-10,1.6908787387532394e-13,0.489
poly,3,374,32,16,3.0,0.05,6,0.3,0.0,8,1,361,3,9.064657180575708e-10,1.6908787387532394e-13,0.477
poly,3,375,32,16,3.0,0.05,6,0.3,0.0,0,1,361,3,9.064657180575708e-10,1.6908787387532394e-13,0.470
poly,3,376,32,16,3.0,0.05,6,0.3,0.0,8,1,361,3,9.064657180575708e-10,1.6908787387532394e-13,0.471
poly,3,377,32,16,3.0,0.05,6,0.3,0.0,0,1,361,3,9.064657180575708e-10,1.6908787387532394e-13,0.483
poly,3,378,32,16,3.0,0.05,6,0.3,0.0,8,1,361,3,9.064657180575708e-10,1.6908787387532394e-13,0.467
poly,3,379,32,16,3.0,0.05,6,0.3,0.0,0,1,361,3,9.064657180575708e-10,1.6908787387532394e-13,0.474
poly,3,380,32,16,3.0,0.05,6,0.3,0.0,8,1,361,3,9.064657180575708e-10,1.6908787387532394e-13,0.471
poly,3,381,32,16,3.0,0.05,6,0.3,0.0,0,1,361,3,9.064657180575708e-10,1.6908787387532394e-13,0.478
poly,3,382,32,16,3.0,0.05,6,0.3,0.0,8,1,361,3,9.064657180575708e-10,1.6908787387532394e-13,0.480
poly,3,383,32,16,3.0,0.05,6,0.3,0.0,0,1,361,3,9.064657180575708e-10,1.6908787387532394e-13,0.478
poly,3,384,32,16,3.0,0.05,6,0.3,0.0,8,1,361,3,9.064657180575708e-10,1.6908787387532394e-13,0.475
poly,10,385,8,0,3.0,0.1,0,0.6,0.01,0,0,1500,8,0.08363380510113276,0.03909596181788727,6.347
poly,10,386,8,0,3.0,0.1,0,0.6,0.01,8,0,1500,8,0.06556544954886193,0.022216426505681203,6.138
poly,10,387,8,0,3.0,0.1,0,0.6,0.03,0,0,1500,8,0.27507977484771545,0.08045342900568787,6.099
poly,10,388,8,0,3.0,0.1,0,0.6,0.03,8,0,1500,8,0.093561983370525,0.05756745879657977,6.119
poly,10,389,8,0,3.0,0.1,12,0.6,0.01,0,0,1500,8,0.00548754697658964,0.0011468226229989931,6.939
poly,10,390,8,0,3.0,0.1,12,0.6,0.01,8,0,1500,8,0.0015507109224935814,0.0011445307276627989,7.070
poly,10,391,8,0,3.0,0.1,12,0.6,0.03,0,0,1500,8,0.009615483784254017,0.003329329768599729,6.769
poly,10,392,8,0,3.0,0.1,12,0.6,0.03,8,0,1500,8,0.004352319059355147,0.003110079226596091,6.806
poly,10,393,8,0,3.0,0.15,0,0.6,0.01,0,0,1500,8,0.11233893867605821,0.07318747403160762,6.070
poly,10,394,8,0,3.0,0.15,0,0.6,0.01,8,0,1500,8,0.11058722401208931,0.027246106562357004,6.099
poly,10,395,8,0,3.0,0.15,0,0.6,0.03,0,0,1500,8,0.1338658764128321,0.06975940392973386,6.077
poly,10,396,8,0,3.0,0.15,0,0.6,0.03,8,0,1500,8,0.17374414060394755,0.07527796381835825,6.012
poly,10,397,8,0,3.0,0.15,12,0.6,0.01,0,0,1500,8,0.014138243401609952,0.0036525844752592,6.938
poly,10,398,8,0,3.0,0.15,12,0.6,0.01,8,0,1500,8,0.006502511118235101,0.001899981151086156,6.596
poly,10,399,8,0,3.0,0.15,12,0.6,0.03,0,0,1500,8,0.025726094775620524,0.005124244591426762,6.533
poly,10,400,8,0,3.0,0.15,12,0.6,0.03,8,0,1500,8,0.017307704411579583,0.005039328324001495,7.433
poly,10,401,8,0,6.0,0.1,0,0.6,0.01,0,0,1500,8,0.08363380510113276,0.03909596181788727,6.964
poly,10,402,8,0,6.0,0.1,0,0.6,0.01,8,0,1500,8,0.06556544954886193,0.022216426505681203,6.676
poly,10,403,8,0,6.0,0.1,0,0.6,0.03,0,0,1500,8,0.27507977484771545,0.08045342900568787,6.260
poly,3,1,8,0,3.0,0.05,6,0.3,0.0,0,1,355,3,9.71364817885644e-10,1.397787895730276e-13,0.453
poly,3,2,8,0,3.0,0.05,6,0.3,0.0,8,1,355,3,9.71364817885644e-10,1.397787895730276e-13,0.460
poly,3,3,8,0,3.0,0.05,6,0.3,0.0,0,1,355,3,9.71364817885644e-10,1.397787895730276e-13,0.476
poly,3,4,8,0,3.0,0.05,6,0.3,0.0,8,1,355,3,9.71364817885644e-10,1.397787895730276e-13,0.463
poly,3,5,8,0,3.0,0.05,6,0.3,0.0,0,1,355,3,9.71364817885644e-10,1.397787895730276e-13,0.463
poly,3,6,8,0,3.0,0.05,6,0.3,0.0,8,1,355,3,9.71364817885644e-10,1.397787895730276e-13,0.466
poly,3,7,8,0,3.0,0.05,6,0.3,0.0,0,1,355,3,9.71364817885644e-10,1.397787895730276e-13,0.533
poly,3,8,8,0,3.0,0.05,6,0.3,0.0,8,1,355,3,9.71364817885644e-10,1.397787895730276e-13,0.470
poly,3,9,8,0,3.0,0.05,6,0.3,0.0,0,1,355,3,9.71364817885644e-10,1.397787895730276e-13,0.462
poly,3,10,8,0,3.0,0.05,6,0.3,0.0,8,1,355,3,9.71364817885644e-10,1.397787895730276e-13,0.512
poly,3,11,8,0,3.0,0.05,6,0.3,0.0,0,1,355,3,9.71364817885644e-10,1.397787895730276e-13,0.489
poly,3,12,8,0,3.0,0.05,6,0.3,0.0,8,1,355,3,9.71364817885644e-10,1.397787895730276e-13,0.458
poly,3,13,8,0,3.0,0.05,6,0.3,0.0,0,1,355,3,9.71364817885644e-10,1.397787895730276e-13,0.454
poly,3,14,8,0,3.0,0.05,6,0.3,0.0,8,1,355,3,9.71364817885644e-10,1.397787895730276e-13,0.454
poly,3,15,8,0,3.0,0.05,6,0.3,0.0,0,1,355,3,9.71364817885644e-10,1.397787895730276e-13,0.462
poly,3,16,8,0,3.0,0.05,6,0.3,0.0,8,1,355,3,9.71364817885644e-10,1.397787895730276e-13,0.449
poly,3,17,8,0,3.0,0.05,6,0.3,0.0,0,1,355,3,9.71364817885644e-10,1.397787895730276e-13,0.468
poly,3,18,8,0,3.0,0.05,6,0.3,0.0,8,1,355,3,9.71364817885644e-10,1.397787895730276e-13,0.441
poly,3,19,8,0,3.0,0.05,6,0.3,0.0,0,1,355,3,9.71364817885644e-10,1.397787895730276e-13,0.458
poly,3,20,8,0,3.0,0.05,6,0.3,0.0,8,1,355,3,9.71364817885644e-10,1.397787895730276e-13,0.446
poly,3,21,8,0,3.0,0.05,6,0.3,0.0,0,1,355,3,9.71364817885644e-10,1.397787895730276e-13,0.461
poly,3,22,8,0,3.0,0.05,6,0.3,0.0,8,1,355,3,9.71364817885644e-10,1.397787895730276e-13,0.465
poly,3,23,8,0,3.0,0.05,6,0.3,0.0,0,1,355,3,9.71364817885644e-10,1.397787895730276e-13,0.456
poly,3,24,8,0,3.0,0.05,6,0.3,0.0,8,1,355,3,9.71364817885644e-10,1.397787895730276e-13,0.456
poly,3,25,8,0,3.0,0.05,6,0.3,0.0,0,1,355,3,9.71364817885644e-10,1.397787895730276e-13,0.449
poly,3,26,8,0,3.0,0.05,6,0.3,0.0,8,1,355,3,9.71364817885644e-10,1.397787895730276e-13,0.457
poly,3,27,8,0,3.0,0.05,6,0.3,0.0,0,1,355,3,9.71364817885644e-10,1.397787895730276e-13,0.453
poly,3,28,8,0,3.0,0.05,6,0.3,0.0,8,1,355,3,9.71364817885644e-10,1.397787895730276e-13,0.458
poly,3,29,8,0,3.0,0.05,6,0.3,0.0,0,1,355,3,9.71364817885644e-10,1.397787895730276e-13,0.441
poly,3,30,8,0,3.0,0.05,6,0.3,0.0,8,1,355,3,9.71364817885644e-10,1.397787895730276e-13,0.458
poly,3,31,8,0,3.0,0.05,6,0.3,0.0,0,1,355,3,9.71364817885644e-10,1.397787895730276e-13,0.446
poly,3,32,8,0,3.0,0.05,6,0.3,0.0,8,1,355,3,9.71364817885644e-10,1.397787895730276e-13,0.453
poly,3,33,8,4,3.0,0.05,6,0.3,0.0,0,1,361,3,7.863972967850689e-10,1.1683587429733499e-13,0.477
poly,3,34,8,4,3.0,0.05,6,0.3,0.0,8,1,361,3,7.863972967850689e-10,1.1683587429733499e-13,0.484
poly,3,35,8,4,3.0,0.05,6,0.3,0.0,0,1,361,3,7.863972967850689e-10,1.1683587429733499e-13,0.462
poly,3,36,8,4,3.0,0.05,6,0.3,0.0,8,1,361,3,7.863972967850689e-10,1.1683587429733499e-13,0.476
poly,3,37,8,4,3.0,0.05,6,0.3,0.0,0,1,361,3,7.863972967850689e-10,1.1683587429733499e-13,0.468
poly,3,38,8,4,3.0,0.05,6,0.3,0.0,8,1,361,3,7.863972967850689e-10,1.1683587429733499e-13,0.465
poly,3,39,8,4,3.0,0.05,6,0.3,0.0,0,1,361,3,7.863972967850689e-10,1.1683587429733499e-13,0.483
poly,3,40,8,4,3.0,0.05,6,0.3,0.0,8,1,361,3,7.863972967850689e-10,1.1683587429733499e-13,0.464
poly,3,41,8,4,3.0,0.05,6,0.3,0.0,0,1,361,3,7.863972967850689e-10,1.1683587429733499e-13,0.467
poly,3,42,8,4,3.0,0.05,6,0.3,0.0,8,1,361,3,7.863972967850689e-10,1.1683587429733499e-13,0.459
poly,3,43,8,4,3.0,0.05,6,0.3,0.0,0,1,361,3,7.863972967850689e-10,1.1683587429733499e-13,0.463
poly,3,44,8,4,3.0,0.05,6,0.3,0.0,8,1,361,3,7.863972967850689e-10,1.1683587429733499e-13,0.463
poly,3,45,8,4,3.0,0.05,6,0.3,0.0,0,1,361,3,7.863972967850689e-10,1.1683587429733499e-13,0.473
poly,3,46,8,4,3.0,0.05,6,0.3,0.0,8,1,361,3,7.863972967850689e-10,1.1683587429733499e-13,0.457
poly,3,47,8,4,3.0,0.05,6,0.3,0.0,0,1,361,3,7.863972967850689e-10,1.1683587429733499e-13,0.472
poly,3,48,8,4,3.0,0.05,6,0.3,0.0,8,1,361,3,7.863972967850689e-10,1.1683587429733499e-13,0.458
poly,3,49,8,4,3.0,0.05,6,0.3,0.0,0,1,361,3,7.863972967850689e-10,1.1683587429733499e-13,0.481
poly,3,50,8,4,3.0,0.05,6,0.3,0.0,8,1,361,3,7.863972967850689e-10,1.1683587429733499e-13,0.462
poly,3,51,8,4,3.0,0.05,6,0.3,0.0,0,1,361,3,7.863972967850689e-10,1.1683587429733499e-13,0.463
poly,3,52,8,4,3.0,0.05,6,0.3,0.0,8,1,361,3,7.863972967850689e-10,1.1683587429733499e-13,0.465
poly,3,53,8,4,3.0,0.05,6,0.3,0.0,0,1,361,3,7.863972967850689e-10,1.1683587429733499e-13,0.459
poly,3,54,8,4,3.0,0.05,6,0.3,0.0,8,1,361,3,7.863972967850689e-10,1.1683587429733499e-13,0.466
poly,3,55,8,4,3.0,0.05,6,0.3,0.0,0,1,361,3,7.863972967850689e-10,1.1683587429733499e-13,0.455
poly,3,56,8,4,3.0,0.05,6,0.3,0.0,8,1,361,3,7.863972967850689e-10,1.1683587429733499e-13,0.465
poly,3,57,8,4,3.0,0.05,6,0.3,0.0,0,1,361,3,7.863972967850689e-10,1.1683587429733499e-13,0.452
poly,3,58,8,4,3.0,0.05,6,0.3,0.0,8,1,361,3,7.863972967850689e-10,1.1683587429733499e-13,0.471
poly,3,59,8,4,3.0,0.05,6,0.3,0.0,0,1,361,3,7.863972967850689e-10,1.1683587429733499e-13,0.455
poly,3,60,8,4,3.0,0.05,6,0.3,0.0,8,1,361,3,7.863972967850689e-10,1.1683587429733499e-13,0.466
poly,3,61,8,4,3.0,0.05,6,0.3,0.0,0,1,361,3,7.863972967850689e-10,1.1683587429733499e-13,0.459
poly,3,62,8,4,3.0,0.05,6,0.3,0.0,8,1,361,3,7.863972967850689e-10,1.1683587429733499e-13,0.468
poly,3,63,8,4,3.0,0.05,6,0.3,0.0,0,1,361,3,7.863972967850689e-10,1.1683587429733499e-13,0.500
poly,3,64,8,4,3.0,0.05,6,0.3,0.0,8,1,361,3,7.863972967850689e-10,1.1683587429733499e-13,0.476
poly,3,65,8,8,3.0,0.05,6,0.3,0.0,0,1,361,3,8.561975152233574e-10,1.447116225399296e-13,0.474
poly,3,66,8,8,3.0,0.05,6,0.3,0.0,8,1,361,3,8.561975152233574e-10,1.447116225399296e-13,0.560
poly,3,67,8,8,3.0,0.05,6,0.3,0.0,0,1,361,3,8.561975152233574e-10,1.447116225399296e-13,0.500
poly,3,68,8,8,3.0,0.05,6,0.3,0.0,8,1,361,3,8.561975152233574e-10,1.447116225399296e-13,0.497
poly,3,69,8,8,3.0,0.05,6,0.3,0.0,0,1,361,3,8.561975152233574e-10,1.447116225399296e-13,0.483
poly,3,70,8,8,3.0,0.05,6,0.3,0.0,8,1,361,3,8.561975152233574e-10,1.447116225399296e-13,0.474
poly,3,71,8,8,3.0,0.05,6,0.3,0.0,0,1,361,3,8.561975152233574e-10,1.447116225399296e-13,0.476
poly,3,72,8,8,3.0,0.05,6,0.3,0.0,8,1,361,3,8.561975152233574e-10,1.447116225399296e-13,0.468
poly,3,73,8,8,3.0,0.05,6,0.3,0.0,0,1,361,3,8.561975152233574e-10,1.447116225399296e-13,0.471
poly,3,74,8,8,3.0,0.05,6,0.3,0.0,8,1,361,3,8.561975152233574e-10,1.447116225399296e-13,0.464
poly,3,75,8,8,3.0,0.05,6,0.3,0.0,0,1,361,3,8.561975152233574e-10,1.447116225399296e-13,0.476
poly,3,76,8,8,3.0,0.05,6,0.3,0.0,8,1,361,3,8.561975152233574e-10,1.447116225399296e-13,0.466
poly,3,77,8,8,3.0,0.05,6,0.3,0.0,0,1,361,3,8.561975152233574e-10,1.447116225399296e-13,0.474
poly,3,78,8,8,3.0,0.05,6,0.3,0.0,8,1,361,3,8.561975152233574e-10,1.447116225399296e-13,0.478
poly,3,79,8,8,3.0,0.05,6,0.3,0.0,0,1,361,3,8.561975152233574e-10,1.447116225399296e-13,0.475
poly,3,80,8,8,3.0,0.05,6,0.3,0.0,8,1,361,3,8.561975152233574e-10,1.447116225399296e-13,0.470
poly,3,81,8,8,3.0,0.05,6,0.3,0.0,0,1,361,3,8.561975152233574e-10,1.447116225399296e-13,0.468
poly,3,82,8,8,3.0,0.05,6,0.3,0.0,8,1,361,3,8.561975152233574e-10,1.447116225399296e-13,0.461
poly,3,83,8,8,3.0,0.05,6,0.3,0.0,0,1,361,3,8.561975152233574e-10,1.447116225399296e-13,0.468
poly,3,84,8,8,3.0,0.05,6,0.3,0.0,8,1,361,3,8.561975152233574e-10,1.447116225399296e-13,0.464
poly,3,85,8,8,3.0,0.05,6,0.3,0.0,0,1,361,3,8.561975152233574e-10,1.447116225399296e-13,0.473
poly,3,86,8,8,3.0,0.05,6,0.3,0.0,8,1,361,3,8.561975152233574e-10,1.447116225399296e-13,0.463
poly,3,87,8,8,3.0,0.05,6,0.3,0.0,0,1,361,3,8.561975152233574e-10,1.447116225399296e-13,0.464
poly,3,88,8,8,3.0,0.05,6,0.3,0.0,8,1,361,3,8.561975152233574e-10,1.447116225399296e-13,0.469
poly,3,89,8,8,3.0,0.05,6,0.3,0.0,0,1,361,3,8.561975152233574e-10,1.447116225399296e-13,0.470
poly,3,90,8,8,3.0,0.05,6,0.3,0.0,8,1,361,3,8.561975152233574e-10,1.447116225399296e-13,0.519
poly,3,91,8,8,3.0,0.05,6,0.3,0.0,0,1,361,3,8.561975152233574e-10,1.447116225399296e-13,0.478
poly,3,92,8,8,3.0,0.05,6,0.3,0.0,8,1,361,3,8.561975152233574e-10,1.447116225399296e-13,0.477
poly,3,93,8,8,3.0,0.05,6,0.3,0.0,0,1,361,3,8.561975152233574e-10,1.447116225399296e-13,0.469
poly,3,94,8,8,3.0,0.05,6,0.3,0.0,8,1,361,3,8.561975152233574e-10,1.447116225399296e-13,0.469
poly,3,95,8,8,3.0,0.05,6,0.3,0.0,0,1,361,3,8.561975152233574e-10,1.447116225399296e-13,0.467
poly,3,96,8,8,3.0,0.05,6,0.3,0.0,8,1,361,3,8.561975152233574e-10,1.447116225399296e-13,0.490
poly,3,97,8,16,3.0,0.05,6,0.3,0.0,0,1,361,3,9.064657180575708e-10,1.6908787387532394e-13,0.495
poly,3,98,8,16,3.0,0.05,6,0.3,0.0,8,1,361,3,9.064657180575708e-10,1.6908787387532394e-13,0.483
poly,3,99,8,16,3.0,0.05,6,0.3,0.0,0,1,361,3,9.064657180575708e-10,1.6908787387532394e-13,0.471
poly,3,100,8,16,3.0,0.05,6,0.3,0.0,8,1,361,3,9.064657180575708e-10,1.6908787387532394e-13,0.477
poly,3,101,8,16,3.0,0.05,6,0.3,0.0,0,1,361,3,9.064657180575708e-10,1.6908787387532394e-13,0.461
poly,3,102,8,16,3.0,0.05,6,0.3,0.0,8,1,361,3,9.064657180575708e-10,1.6908787387532394e-13,0.472
poly,3,103,8,16,3.0,0.05,6,0.3,0.0,0,1,361,3,9.064657180575708e-10,1.6908787387532394e-13,0.467
poly,3,104,8,16,3.0,0.05,6,0.3,0.0,8,1,361,3,9.064657180575708e-10,1.6908787387532394e-13,0.474
poly,3,105,8,16,3.0,0.05,6,0.3,0.0,0,1,361,3,9.064657180575708e-10,1.6908787387532394e-13,0.473
poly,3,106,8,16,3.0,0.05,6,0.3,0.0,8,1,361,3,9.064657180575708e-10,1.6908787387532394e-13,0.478
poly,3,107,8,16,3.0,0.05,6,0.3,0.0,0,1,361,3,9.064657180575708e-10,1.6908787387532394e-13,0.488
poly,3,108,8,16,3.0,0.05,6,0.3,0.0,8,1,361,3,9.064657180575708e-10,1.6908787387532394e-13,0.477
poly,3,109,8,16,3.0,0.05,6,0.3,0.0,0,1,361,3,9.064657180575708e-10,1.6908787387532394e-13,0.476
poly,3,110,8,16,3.0,0.05,6,0.3,0.0,8,1,361,3,9.064657180575708e-10,1.6908787387532394e-13,0.471
poly,3,111,8,16,3.0,0.05,6,0.3,0.0,0,1,361,3,9.064657180575708e-10,1.6908787387532394e-13,0.482
poly,3,112,8,16,3.0,0.05,6,0.3,0.0,8,1,361,3,9.064657180575708e-10,1.6908787387532394e-13,0.472
poly,3,113,8,16,3.0,0.05,6,0.3,0.0,0,1,361,3,9.064657180575708e-10,1.6908787387532394e-13,0.496
poly,3,114,8,16,3.0,0.05,6,0.3,0.0,8,1,361,3,9.064657180575708e-10,1.6908787387532394e-13,0.479
poly,3,115,8,16,3.0,0.05,6,0.3,0.0,0,1,361,3,9.064657180575708e-10,1.6908787387532394e-13,0.479
poly,3,116,8,16,3.0,0.05,6,0.3,0.0,8,1,361,3,9.064657180575708e-10,1.6908787387532394e-13,0.468
poly,3,117,8,16,3.0,0.05,6,0.3,0.0,0,1,361,3,9.064657180575708e-10,1.6908787387532394e-13,0.470
poly,3,118,8,16,3.0,0.05,6,0.3,0.0,8,1,361,3,9.064657180575708e-10,1.6908787387532394e-13,0.470
poly,3,119,8,16,3.0,0.05,6,0.3,0.0,0,1,361,3,9.064657180575708e-10,1.6908787387532394e-13,0.457
poly,3,120,8,16,3.0,0.05,6,0.3,0.0,8,1,361,3,9.064657180575708e-10,1.6908787387532394e-13,0.459
poly,3,121,8,16,3.0,0.05,6,0.3,0.0,0,1,361,3,9.064657180575708e-10,1.6908787387532394e-13,0.469
poly,3,122,8,16,3.0,0.05,6,0.3,0.0,8,1,361,3,9.064657180575708e-10,1.6908787387532394e-13,0.475
poly,3,123,8,16,3.0,0.05,6,0.3,0.0,0,1,361,3,9.064657180575708e-10,1.6908787387532394e-13,0.460
poly,3,124,8,16,3.0,0.05,6,0.3,0.0,8,1,361,3,9.064657180575708e-10,1.6908787387532394e-13,0.460
poly,3,125,8,16,3.0,0.05,6,0.3,0.0,0,1,361,3,9.064657180575708e-10,1.6908787387532394e-13,0.460
poly,3,126,8,16,3.0,0.05,6,0.3,0.0,8,1,361,3,9.064657180575708e-10,1.6908787387532394e-13,0.469
poly,3,127,8,16,3.0,0.05,6,0.3,0.0,0,1,361,3,9.064657180575708e-10,1.6908787387532394e-13,0.469
poly,3,128,8,16,3.0,0.05,6,0.3,0.0,8,1,361,3,9.064657180575708e-10,1.6908787387532394e-13,0.465
poly,3,129,16,0,3.0,0.05,6,0.3,0.0,0,1,355,3,9.71364817885644e-10,1.397787895730276e-13,0.479
poly,3,130,16,0,3.0,0.05,6,0.3,0.0,8,1,355,3,9.71364817885644e-10,1.397787895730276e-13,0.466
poly,3,131,16,0,3.0,0.05,6,0.3,0.0,0,1,355,3,9.71364817885644e-10,1.397787895730276e-13,0.460
poly,3,132,16,0,3.0,0.05,6,0.3,0.0,8,1,355,3,9.71364817885644e-10,1.397787895730276e-13,0.465
poly,3,133,16,0,3.0,0.05,6,0.3,0.0,0,1,355,3,9.71364817885644e-10,1.397787895730276e-13,0.458
poly,3,134,16,0,3.0,0.05,6,0.3,0.0,8,1,355,3,9.71364817885644e-10,1.397787895730276e-13,0.474
poly,3,135,16,0,3.0,0.05,6,0.3,0.0,0,1,355,3,9.71364817885644e-10,1.397787895730276e-13,0.478
poly,3,136,16,0,3.0,0.05,6,0.3,0.0,8,1,355,3,9.71364817885644e-10,1.397787895730276e-13,0.446
poly,3,137,16,0,3.0,0.05,6,0.3,0.0,0,1,355,3,9.71364817885644e-10,1.397787895730276e-13,0.444
poly,3,138,16,0,3.0,0.05,6,0.3,0.0,8,1,355,3,9.71364817885644e-10,1.397787895730276e-13,0.454
poly,3,139,16,0,3.0,0.05,6,0.3,0.0,0,1,355,3,9.71364817885644e-10,1.397787895730276e-13,0.455
poly,3,140,16,0,3.0,0.05,6,0.3,0.0,8,1,355,3,9.71364817885644e-10,1.397787895730276e-13,0.442
poly,3,141,16,0,3.0,0.05,6,0.3,0.0,0,1,355,3,9.71364817885644e-10,1.397787895730276e-13,0.442
poly,3,142,16,0,3.0,0.05,6,0.3,0.0,8,1,355,3,9.71364817885644e-10,1.397787895730276e-13,0.445
poly,3,143,16,0,3.0,0.05,6,0.3,0.0,0,1,355,3,9.71364817885644e-10,1.397787895730276e-13,0.449
poly,3,144,16,0,3.0,0.05,6,0.3,0.0,8,1,355,3,9.71364817885644e-10,1.397787895730276e-13,0.455
poly,3,145,16,0,3.0,0.05,6,0.3,0.0,0,1,355,3,9.71364817885644e-10,1.397787895730276e-13,0.443
poly,3,146,16,0,3.0,0.05,6,0.3,0.0,8,1,355,3,9.71364817885644e-10,1.397787895730276e-13,0.447
poly,3,147,16,0,3.0,0.05,6,0.3,0.0,0,1,355,3,9.71364817885644e-10,1.397787895730276e-13,0.457
poly,3,148,16,0,3.0,0.05,6,0.3,0.0,8,1,355,3,9.71364817885644e-10,1.397787895730276e-13,0.448
poly,3,149,16,0,3.0,0.05,6,0.3,0.0,0,1,355,3,9.71364817885644e-10,1.397787895730276e-13,0.454
poly,3,150,16,0,3.0,0.05,6,0.3,0.0,8,1,355,3,9.71364817885644e-10,1.397787895730276e-13,0.454
poly,3,151,16,0,3.0,0.05,6,0.3,0.0,0,1,355,3,9.71364817885644e-10,1.397787895730276e-13,0.450
poly,3,152,16,0,3.0,0.05,6,0.3,0.0,8,1,355,3,9.71364817885644e-10,1.397787895730276e-13,0.468
poly,3,153,16,0,3.0,0.05,6,0.3,0.0,0,1,355,3,9.71364817885644e-10,1.397787895730276e-13,0.453
poly,3,154,16,0,3.0,0.05,6,0.3,0.0,8,1,355,3,9.71364817885644e-10,1.397787895730276e-13,0.445
poly,3,155,16,0,3.0,0.05,6,0.3,0.0,0,1,355,3,9.71364817885644e-10,1.397787895730276e-13,0.457
poly,3,156,16,0,3.0,0.05,6,0.3,0.0,8,1,355,3,9.71364817885644e-10,1.397787895730276e-13,0.454
poly,3,157,16,0,3.0,0.05,6,0.3,0.0,0,1,355,3,9.71364817885644e-10,1.397787895730276e-13,0.451
poly,3,158,16,0,3.0,0.05,6,0.3,0.0,8,1,355,3,9.71364817885644e-10,1.397787895730276e-13,0.454
poly,3,159,16,0,3.0,0.05,6,0.3,0.0,0,1,355,3,9.71364817885644e-10,1.397787895730276e-13,0.445
poly,3,160,16,0,3.0,0.05,6,0.3,0.0,8,1,355,3,9.71364817885644e-10,1.397787895730276e-13,0.442
poly,3,161,16,4,3.0,0.05,6,0.3,0.0,0,1,361,3,7.863972967850689e-10,1.1683587429733499e-13,0.465
poly,3,162,16,4,3.0,0.05,6,0.3,0.0,8,1,361,3,7.863972967850689e-10,1.1683587429733499e-13,0.462
poly,3,163,16,4,3.0,0.05,6,0.3,0.0,0,1,361,3,7.863972967850689e-10,1.1683587429733499e-13,0.454
poly,3,164,16,4,3.0,0.05,6,0.3,0.0,8,1,361,3,7.863972967850689e-10,1.1683587429733499e-13,0.453
poly,3,165,16,4,3.0,0.05,6,0.3,0.0,0,1,361,3,7.863972967850689e-10,1.1683587429733499e-13,0.469
poly,3,166,16,4,3.0,0.05,6,0.3,0.0,8,1,361,3,7.863972967850689e-10,1.1683587429733499e-13,0.473
poly,3,167,16,4,3.0,0.05,6,0.3,0.0,0,1,361,3,7.863972967850689e-10,1.1683587429733499e-13,0.453
poly,3,168,16,4,3.0,0.05,6,0.3,0.0,8,1,361,3,7.863972967850689e-10,1.1683587429733499e-13,0.454
poly,3,169,16,4,3.0,0.05,6,0.3,0.0,0,1,361,3,7.863972967850689e-10,1.1683587429733499e-13,0.461
poly,3,170,16,4,3.0,0.05,6,0.3,0.0,8,1,361,3,7.863972967850689e-10,1.1683587429733499e-13,0.481
poly,3,171,16,4,3.0,0.05,6,0.3,0.0,0,1,361,3,7.863972967850689e-10,1.1683587429733499e-13,0.462
poly,3,172,16,4,3.0,0.05,6,0.3,0.0,8,1,361,3,7.863972967850689e-10,1.1683587429733499e-13,0.460
poly,3,173,16,4,3.0,0.05,6,0.3,0.0,0,1,361,3,7.863972967850689e-10,1.1683587429733499e-13,0.482
poly,3,174,16,4,3.0,0.05,6,0.3,0.0,8,1,361,3,7.863972967850689e-10,1.1683587429733499e-13,0.459
poly,3,175,16,4,3.0,0.05,6,0.3,0.0,0,1,361,3,7.863972967850689e-10,1.1683587429733499e-13,0.451
poly,3,176,16,4,3.0,0.05,6,0.3,0.0,8,1,361,3,7.863972967850689e-10,1.1683587429733499e-13,0.457
poly,3,177,16,4,3.0,0.05,6,0.3,0.0,0,1,361,3,7.863972967850689e-10,1.1683587429733499e-13,0.452
poly,3,178,16,4,3.0,0.05,6,0.3,0.0,8,1,361,3,7.863972967850689e-10,1.1683587429733499e-13,0.463
poly,3,179,16,4,3.0,0.05,6,0.3,0.0,0,1,361,3,7.863972967850689e-10,1.1683587429733499e-13,0.460
poly,3,180,16,4,3.0,0.05,6,0.3,0.0,8,1,361,3,7.863972967850689e-10,1.1683587429733499e-13,0.460
poly,3,181,16,4,3.0,0.05,6,0.3,0.0,0,1,361,3,7.863972967850689e-10,1.1683587429733499e-13,0.452
poly,3,182,16,4,3.0,0.05,6,0.3,0.0,8,1,361,3,7.863972967850689e-10,1.1683587429733499e-13,0.464
poly,3,183,16,4,3.0,0.05,6,0.3,0.0,0,1,361,3,7.863972967850689e-10,1.1683587429733499e-13,0.461
poly,3,184,16,4,3.0,0.05,6,0.3,0.0,8,1,361,3,7.863972967850689e-10,1.1683587429733499e-13,0.459
poly,3,185,16,4,3.0,0.05,6,0.3,0.0,0,1,361,3,7.863972967850689e-10,1.1683587429733499e-13,0.459
poly,3,186,16,4,3.0,0.05,6,0.3,0.0,8,1,361,3,7.863972967850689e-10,1.1683587429733499e-13,0.461
poly,3,187,16,4,3.0,0.05,6,0.3,0.0,0,1,361,3,7.863972967850689e-10,1.1683587429733499e-13,0.482
poly,3,188,16,4,3.0,0.05,6,0.3,0.0,8,1,361,3,7.863972967850689e-10,1.1683587429733499e-13,0.483
poly,3,189,16,4,3.0,0.05,6,0.3,0.0,0,1,361,3,7.863972967850689e-10,1.1683587429733499e-13,0.457
poly,3,190,16,4,3.0,0.05,6,0.3,0.0,8,1,361,3,7.863972967850689e-10,1.1683587429733499e-13,0.464
poly,3,191,16,4,3.0,0.05,6,0.3,0.0,0,1,361,3,7.863972967850689e-10,1.1683587429733499e-13,0.478
poly,3,192,16,4,3.0,0.05,6,0.3,0.0,8,1,361,3,7.863972967850689e-10,1.1683587429733499e-13,0.472
poly,3,193,16,8,3.0,0.05,6,0.3,0.0,0,1,361,3,8.561975152233574e-10,1.447116225399296e-13,0.482
poly,3,194,16,8,3.0,0.05,6,0.3,0.0,8,1,361,3,8.561975152233574e-10,1.447116225399296e-13,0.470
poly,3,195,16,8,3.0,0.05,6,0.3,0.0,0,1,361,3,8.561975152233574e-10,1.447116225399296e-13,0.474
poly,3,196,16,8,3.0,0.05,6,0.3,0.0,8,1,361,3,8.561975152233574e-10,1.447116225399296e-13,0.479
poly,3,197,16,8,3.0,0.05,6,0.3,0.0,0,1,361,3,8.561975152233574e-10,1.447116225399296e-13,0.475
poly,3,198,16,8,3.0,0.05,6,0.3,0.0,8,1,361,3,8.561975152233574e-10,1.447116225399296e-13,0.458
poly,3,199,16,8,3.0,0.05,6,0.3,0.0,0,1,361,3,8.561975152233574e-10,1.447116225399296e-13,0.469
poly,3,200,16,8,3.0,0.05,6,0.3,0.0,8,1,361,3,8.561975152233574e-10,1.447116225399296e-13,0.462
poly,3,201,16,8,3.0,0.05,6,0.3,0.0,0,1,361,3,8.561975152233574e-10,1.447116225399296e-13,0.472
poly,3,202,16,8,3.0,0.05,6,0.3,0.0,8,1,361,3,8.561975152233574e-10,1.447116225399296e-13,0.464
poly,3,203,16,8,3.0,0.05,6,0.3,0.0,0,1,361,3,8.561975152233574e-10,1.447116225399296e-13,0.466
poly,3,204,16,8,3.0,0.05,6,0.3,0.0,8,1,361,3,8.561975152233574e-10,1.447116225399296e-13,0.472
poly,3,205,16,8,3.0,0.05,6,0.3,0.0,0,1,361,3,8.561975152233574e-10,1.447116225399296e-13,0.469
poly,3,206,16,8,3.0,0.05,6,0.3,0.0,8,1,361,3,8.561975152233574e-10,1.447116225399296e-13,0.470
poly,3,207,16,8,3.0,0.05,6,0.3,0.0,0,1,361,3,8.561975152233574e-10,1.447116225399296e-13,0.470
poly,3,208,16,8,3.0,0.05,6,0.3,0.0,8,1,361,3,8.561975152233574e-10,1.447116225399296e-13,0.492
poly,3,209,16,8,3.0,0.05,6,0.3,0.0,0,1,361,3,8.561975152233574e-10,1.447116225399296e-13,0.489
poly,3,210,16,8,3.0,0.05,6,0.3,0.0,8,1,361,3,8.561975152233574e-10,1.447116225399296e-13,0.461
poly,3,211,16,8,3.0,0.05,6,0.3,0.0,0,1,361,3,8.561975152233574e-10,1.447116225399296e-13,0.474
poly,3,212,16,8,3.0,0.05,6,0.3,0.0,8,1,361,3,8.561975152233574e-10,1.447116225399296e-13,0.494
poly,3,213,16,8,3.0,0.05,6,0.3,0.0,0,1,361,3,8.561975152233574e-10,1.447116225399296e-13,0.508
poly,3,214,16,8,3.0,0.05,6,0.3,0.0,8,1,361,3,8.561975152233574e-10,1.447116225399296e-13,0.490
poly,3,215,16,8,3.0,0.05,6,0.3,0.0,0,1,361,3,8.561975152233574e-10,1.447116225399296e-13,0.481
poly,3,216,16,8,3.0,0.05,6,0.3,0.0,8,1,361,3,8.561975152233574e-10,1.447116225399296e-13,0.476
poly,3,217,16,8,3.0,0.05,6,0.3,0.0,0,1,361,3,8.561975152233574e-10,1.447116225399296e-13,0.461
poly,3,218,16,8,3.0,0.05,6,0.3,0.0,8,1,361,3,8.561975152233574e-10,1.447116225399296e-13,0.466
poly,3,219,16,8,3.0,0.05,6,0.3,0.0,0,1,361,3,8.561975152233574e-10,1.447116225399296e-13,0.543
poly,3,220,16,8,3.0,0.05,6,0.3,0.0,8,1,361,3,8.561975152233574e-10,1.447116225399296e-13,0.513
poly,3,221,16,8,3.0,0.05,6,0.3,0.0,0,1,361,3,8.561975152233574e-10,1.447116225399296e-13,0.486
poly,3,222,16,8,3.0,0.05,6,0.3,0.0,8,1,361,3,8.561975152233574e-10,1.447116225399296e-13,0.483
poly,3,223,16,8,3.0,0.05,6,0.3,0.0,0,1,361,3,8.561975152233574e-10,1.447116225399296e-13,0.591
poly,3,224,16,8,3.0,0.05,6,0.3,0.0,8,1,361,3,8.561975152233574e-10,1.447116225399296e-13,0.533
poly,3,225,16,16,3.0,0.05,6,0.3,0.0,0,1,361,3,9.064657180575708e-10,1.6908787387532394e-13,0.524
poly,3,226,16,16,3.0,0.05,6,0.3,0.0,8,1,361,3,9.064657180575708e-10,1.6908787387532394e-13,0.524
poly,3,227,16,16,3.0,0.05,6,0.3,0.0,0,1,361,3,9.064657180575708e-10,1.6908787387532394e-13,0.499
poly,3,228,16,16,3.0,0.05,6,0.3,0.0,8,1,361,3,9.064657180575708e-10,1.6908787387532394e-13,0.549
poly,3,229,16,16,3.0,0.05,6,0.3,0.0,0,1,361,3,9.064657180575708e-10,1.6908787387532394e-13,0.515
poly,3,230,16,16,3.0,0.05,6,0.3,0.0,8,1,361,3,9.064657180575708e-10,1.6908787387532394e-13,0.530
poly,3,231,16,16,3.0,0.05,6,0.3,0.0,0,1,361,3,9.064657180575708e-10,1.6908787387532394e-13,0.577
poly,3,232,16,16,3.0,0.05,6,0.3,0.0,8,1,361,3,9.064657180575708e-10,1.6908787387532394e-13,0.508
poly,3,233,16,16,3.0,0.05,6,0.3,0.0,0,1,361,3,9.064657180575708e-10,1.6908787387532394e-13,0.670
poly,3,234,16,16,3.0,0.05,6,0.3,0.0,8,1,361,3,9.064657180575708e-10,1.6908787387532394e-13,0.509
poly,3,235,16,16,3.0,0.05,6,0.3,0.0,0,1,361,3,9.064657180575708e-10,1.6908787387532394e-13,0.499
poly,3,236,16,16,3.0,0.05,6,0.3,0.0,8,1,361,3,9.064657180575708e-10,1.6908787387532394e-13,0.491
poly,3,237,16,16,3.0,0.05,6,0.3,0.0,0,1,361,3,9.064657180575708e-10,1.6908787387532394e-13,0.468
poly,3,238,16,16,3.0,0.05,6,0.3,0.0,8,1,361,3,9.064657180575708e-10,1.6908787387532394e-13,0.464
poly,3,239,16,16,3.0,0.05,6,0.3,0.0,0,1,361,3,9.064657180575708e-10,1.6908787387532394e-13,0.469
poly,3,240,16,16,3.0,0.05,6,0.3,0.0,8,1,361,3,9.064657180575708e-10,1.6908787387532394e-13,0.474
poly,3,241,16,16,3.0,0.05,6,0.3,0.0,0,1,361,3,9.064657180575708e-10,1.6908787387532394e-13,0.482
poly,3,242,16,16,3.0,0.05,6,0.3,0.0,8,1,361,3,9.064657180575708e-10,1.6908787387532394e-13,0.485
poly,3,243,16,16,3.0,0.05,6,0.3,0.0,0,1,361,3,9.064657180575708e-10,1.6908787387532394e-13,0.465
poly,3,244,16,16,3.0,0.05,6,0.3,0.0,8,1,361,3,9.064657180575708e-10,1.6908787387532394e-13,0.484
poly,3,245,16,16,3.0,0.05,6,0.3,0.0,0,1,361,3,9.064657180575708e-10,1.6908787387532394e-13,0.530
poly,3,246,16,16,3.0,0.05,6,0.3,0.0,8,1,361,3,9.064657180575708e-10,1.6908787387532394e-13,0.474
poly,3,247,16,16,3.0,0.05,6,0.3,0.0,0,1,361,3,9.064657180575708e-10,1.6908787387532394e-13,0.467
poly,3,248,16,16,3.0,0.05,6,0.3,0.0,8,1,361,3,9.064657180575708e-10,1.6908787387532394e-13,0.528
poly,3,249,16,16,3.0,0.05,6,0.3,0.0,0,1,361,3,9.064657180575708e-10,1.6908787387532394e-13,0.475
poly,3,250,16,16,3.0,0.05,6,0.3,0.0,8,1,361,3,9.064657180575708e-10,1.6908787387532394e-13,0.469
poly,3,251,16,16,3.0,0.05,6,0.3,0.0,0,1,361,3,9.064657180575708e-10,1.6908787387532394e-13,0.479
poly,3,252,16,16,3.0,0.05,6,0.3,0.0,8,1,361,3,9.064657180575708e-10,1.6908787387532394e-13,0.467
poly,3,253,16,16,3.0,0.05,6,0.3,0.0,0,1,361,3,9.064657180575708e-10,1.6908787387532394e-13,0.512
poly,3,254,16,16,3.0,0.05,6,0.3,0.0,8,1,361,3,9.064657180575708e-10,1.6908787387532394e-13,0.477
poly,3,255,16,16,3.0,0.05,6,0.3,0.0,0,1,361,3,9.064657180575708e-10,1.6908787387532394e-13,0.470
poly,3,256,16,16,3.0,0.05,6,0.3,0.0,8,1,361,3,9.064657180575708e-10,1.6908787387532394e-13,0.483
poly,3,257,32,0,3.0,0.05,6,0.3,0.0,0,1,355,3,9.71364817885644e-10,1.397787895730276e-13,0.471
poly,3,258,32,0,3.0,0.05,6,0.3,0.0,8,1,355,3,9.71364817885644e-10,1.397787895730276e-13,0.443
poly,3,259,32,0,3.0,0.05,6,0.3,0.0,0,1,355,3,9.71364817885644e-10,1.397787895730276e-13,0.452
poly,3,260,32,0,3.0,0.05,6,0.3,0.0,8,1,355,3,9.71364817885644e-10,1.397787895730276e-13,0.442
poly,3,261,32,0,3.0,0.05,6,0.3,0.0,0,1,355,3,9.71364817885644e-10,1.397787895730276e-13,0.457
poly,3,262,32,0,3.0,0.05,6,0.3,0.0,8,1,355,3,9.71364817885644e-10,1.397787895730276e-13,0.445
poly,3,263,32,0,3.0,0.05,6,0.3,0.0,0,1,355,3,9.71364817885644e-10,1.397787895730276e-13,0.443
poly,3,264,32,0,3.0,0.05,6,0.3,0.0,8,1,355,3,9.71364817885644e-10,1.397787895730276e-13,0.449
poly,3,265,32,0,3.0,0.05,6,0.3,0.0,0,1,355,3,9.71364817885644e-10,1.397787895730276e-13,0.448
poly,3,266,32,0,3.0,0.05,6,0.3,0.0,8,1,355,3,9.71364817885644e-10,1.397787895730276e-13,0.449
poly,3,267,32,0,3.0,0.05,6,0.3,0.0,0,1,355,3,9.71364817885644e-10,1.397787895730276e-13,0.452
poly,3,268,32,0,3.0,0.05,6,0.3,0.0,8,1,355,3,9.71364817885644e-10,1.397787895730276e-13,0.453
poly,3,269,32,0,3.0,0.05,6,0.3,0.0,0,1,355,3,9.71364817885644e-10,1.397787895730276e-13,0.449
poly,3,270,32,0,3.0,0.05,6,0.3,0.0,8,1,355,3,9.71364817885644e-10,1.397787895730276e-13,0.461
poly,3,271,32,0,3.0,0.05,6,0.3,0.0,0,1,355,3,9.71364817885644e-10,1.397787895730276e-13,0.453
poly,3,272,32,0,3.0,0.05,6,0.3,0.0,8,1,355,3,9.71364817885644e-10,1.397787895730276e-13,0.444
poly,3,273,32,0,3.0,0.05,6,0.3,0.0,0,1,355,3,9.71364817885644e-10,1.397787895730276e-13,0.442
poly,3,274,32,0,3.0,0.05,6,0.3,0.0,8,1,355,3,9.71364817885644e-10,1.397787895730276e-13,0.452
poly,3,275,32,0,3.0,0.05,6,0.3,0.0,0,1,355,3,9.71364817885644e-10,1.397787895730276e-13,0.462
poly,3,276,32,0,3.0,0.05,6,0.3,0.0,8,1,355,3,9.71364817885644e-10,1.397787895730276e-13,0.447
poly,3,277,32,0,3.0,0.05,6,0.3,0.0,0,1,355,3,9.71364817885644e-10,1.397787895730276e-13,0.449
poly,3,278,32,0,3.0,0.05,6,0.3,0.0,8,1,355,3,9.71364817885644e-10,1.397787895730276e-13,0.461
poly,3,279,32,0,3.0,0.05,6,0.3,0.0,0,1,355,3,9.71364817885644e-10,1.397787895730276e-13,0.474
poly,3,280,32,0,3.0,0.05,6,0.3,0.0,8,1,355,3,9.71364817885644e-10,1.397787895730276e-13,0.462
poly,3,281,32,0,3.0,0.05,6,0.3,0.0,0,1,355,3,9.71364817885644e-10,1.397787895730276e-13,0.461
poly,3,282,32,0,3.0,0.05,6,0.3,0.0,8,1,355,3,9.71364817885644e-10,1.397787895730276e-13,0.528
poly,3,283,32,0,3.0,0.05,6,0.3,0.0,0,1,355,3,9.71364817885644e-10,1.397787895730276e-13,0.469
poly,3,284,32,0,3.0,0.05,6,0.3,0.0,8,1,355,3,9.71364817885644e-10,1.397787895730276e-13,0.450
poly,3,285,32,0,3.0,0.05,6,0.3,0.0,0,1,355,3,9.71364817885644e-10,1.397787895730276e-13,0.451
poly,3,286,32,0,3.0,0.05,6,0.3,0.0,8,1,355,3,9.71364817885644e-10,1.397787895730276e-13,0.441
poly,3,287,32,0,3.0,0.05,6,0.3,0.0,0,1,355,3,9.71364817885644e-10,1.397787895730276e-13,0.461
poly,3,288,32,0,3.0,0.05,6,0.3,0.0,8,1,355,3,9.71364817885644e-10,1.397787895730276e-13,0.471
poly,3,289,32,4,3.0,0.05,6,0.3,0.0,0,1,361,3,7.863972967850689e-10,1.1683587429733499e-13,0.457
poly,3,290,32,4,3.0,0.05,6,0.3,0.0,8,1,361,3,7.863972967850689e-10,1.1683587429733499e-13,0.454
poly,3,291,32,4,3.0,0.05,6,0.3,0.0,0,1,361,3,7.863972967850689e-10,1.1683587429733499e-13,0.475
poly,3,292,32,4,3.0,0.05,6,0.3,0.0,8,1,361,3,7.863972967850689e-10,1.1683587429733499e-13,0.473
poly,3,293,32,4,3.0,0.05,6,0.3,0.0,0,1,361,3,7.863972967850689e-10,1.1683587429733499e-13,0.475
poly,3,294,32,4,3.0,0.05,6,0.3,0.0,8,1,361,3,7.863972967850689e-10,1.1683587429733499e-13,0.510
poly,3,295,32,4,3.0,0.05,6,0.3,0.0,0,1,361,3,7.863972967850689e-10,1.1683587429733499e-13,0.466
poly,3,296,32,4,3.0,0.05,6,0.3,0.0,8,1,361,3,7.863972967850689e-10,1.1683587429733499e-13,0.502
poly,3,297,32,4,3.0,0.05,6,0.3,0.0,0,1,361,3,7.863972967850689e-10,1.1683587429733499e-13,0.473
poly,3,298,32,4,3.0,0.05,6,0.3,0.0,8,1,361,3,7.863972967850689e-10,1.1683587429733499e-13,0.477
poly,3,299,32,4,3.0,0.05,6,0.3,0.0,0,1,361,3,7.863972967850689e-10,1.1683587429733499e-13,0.461
poly,3,300,32,4,3.0,0.05,6,0.3,0.0,8,1,361,3,7.863972967850689e-10,1.1683587429733499e-13,0.480
poly,3,301,32,4,3.0,0.05,6,0.3,0.0,0,1,361,3,7.863972967850689e-10,1.1683587429733499e-13,0.478
poly,3,302,32,4,3.0,0.05,6,0.3,0.0,8,1,361,3,7.863972967850689e-10,1.1683587429733499e-13,0.465
poly,3,303,32,4,3.0,0.05,6,0.3,0.0,0,1,361,3,7.863972967850689e-10,1.1683587429733499e-13,0.466
poly,3,304,32,4,3.0,0.05,6,0.3,0.0,8,1,361,3,7.863972967850689e-10,1.1683587429733499e-13,0.472
poly,3,305,32,4,3.0,0.05,6,0.3,0.0,0,1,361,3,7.863972967850689e-10,1.1683587429733499e-13,0.453
poly,3,306,32,4,3.0,0.05,6,0.3,0.0,8,1,361,3,7.863972967850689e-10,1.1683587429733499e-13,0.452
poly,3,307,32,4,3.0,0.05,6,0.3,0.0,0,1,361,3,7.863972967850689e-10,1.1683587429733499e-13,0.451
poly,3,308,32,4,3.0,0.05,6,0.3,0.0,8,1,361,3,7.863972967850689e-10,1.1683587429733499e-13,0.461
poly,3,309,32,4,3.0,0.05,6,0.3,0.0,0,1,361,3,7.863972967850689e-10,1.1683587429733499e-13,0.466
poly,3,310,32,4,3.0,0.05,6,0.3,0.0,8,1,361,3,7.863972967850689e-10,1.1683587429733499e-13,0.462
poly,3,311,32,4,3.0,0.05,6,0.3,0.0,0,1,361,3,7.863972967850689e-10,1.1683587429733499e-13,0.474
poly,3,312,32,4,3.0,0.05,6,0.3,0.0,8,1,361,3,7.863972967850689e-10,1.1683587429733499e-13,0.461
poly,3,313,32,4,3.0,0.05,6,0.3,0.0,0,1,361,3,7.863972967850689e-10,1.1683587429733499e-13,0.469
poly,3,314,32,4,3.0,0.05,6,0.3,0.0,8,1,361,3,7.863972967850689e-10,1.1683587429733499e-13,0.461
poly,3,315,32,4,3.0,0.05,6,0.3,0.0,0,1,361,3,7.863972967850689e-10,1.1683587429733499e-13,0.466
poly,3,316,32,4,3.0,0.05,6,0.3,0.0,8,1,361,3,7.863972967850689e-10,1.1683587429733499e-13,0.465
poly,3,317,32,4,3.0,0.05,6,0.3,0.0,0,1,361,3,7.863972967850689e-10,1.1683587429733499e-13,0.494
poly,3,318,32,4,3.0,0.05,6,0.3,0.0,8,1,361,3,7.863972967850689e-10,1.1683587429733499e-13,0.475
poly,3,319,32,4,3.0,0.05,6,0.3,0.0,0,1,361,3,7.863972967850689e-10,1.1683587429733499e-13,0.480
poly,3,320,32,4,3.0,0.05,6,0.3,0.0,8,1,361,3,7.863972967850689e-10,1.1683587429733499e-13,0.471
poly,3,321,32,8,3.0,0.05,6,0.3,0.0,0,1,361,3,8.561975152233574e-10,1.447116225399296e-13,0.476
poly,3,322,32,8,3.0,0.05,6,0.3,0.0,8,1,361,3,8.561975152233574e-10,1.447116225399296e-13,0.463
poly,3,323,32,8,3.0,0.05,6,0.3,0.0,0,1,361,3,8.561975152233574e-10,1.447116225399296e-13,0.458
poly,3,324,32,8,3.0,0.05,6,0.3,0.0,8,1,361,3,8.561975152233574e-10,1.447116225399296e-13,0.463
poly,3,325,32,8,3.0,0.05,6,0.3,0.0,0,1,361,3,8.561975152233574e-10,1.447116225399296e-13,0.467
poly,3,326,32,8,3.0,0.05,6,0.3,0.0,8,1,361,3,8.561975152233574e-10,1.447116225399296e-13,0.467
poly,3,327,32,8,3.0,0.05,6,0.3,0.0,0,1,361,3,8.561975152233574e-10,1.447116225399296e-13,0.459
poly,3,328,32,8,3.0,0.05,6,0.3,0.0,8,1,361,3,8.561975152233574e-10,1.447116225399296e-13,0.469
poly,3,329,32,8,3.0,0.05,6,0.3,0.0,0,1,361,3,8.561975152233574e-10,1.447116225399296e-13,0.485
poly,3,330,32,8,3.0,0.05,6,0.3,0.0,8,1,361,3,8.561975152233574e-10,1.447116225399296e-13,0.477
poly,3,331,32,8,3.0,0.05,6,0.3,0.0,0,1,361,3,8.561975152233574e-10,1.447116225399296e-13,0.470
poly,3,332,32,8,3.0,0.05,6,0.3,0.0,8,1,361,3,8.561975152233574e-10,1.447116225399296e-13,0.469
poly,3,333,32,8,3.0,0.05,6,0.3,0.0,0,1,361,3,8.561975152233574e-10,1.447116225399296e-13,0.519
poly,3,334,32,8,3.0,0.05,6,0.3,0.0,8,1,361,3,8.561975152233574e-10,1.447116225399296e-13,0.559
poly,3,335,32,8,3.0,0.05,6,0.3,0.0,0,1,361,3,8.561975152233574e-10,1.447116225399296e-13,0.459
